,add_title,add_price,add_area_val,add_bed_val,add_bath_val,add_park_val
0,"Panama Viejo Residences, en Panama Viejo","B/.139,000.00",58,2,2,1
1,Armonía en Cinta Costera,"B/.124,500.00",45.24,1,1,NaN
2,"Coco Place en Coco del Mar, San Francisco","B/.233,259.60",79.34,2,2,1
3,Apartments in El Cangrejo | El Cangrejo Porto Bello Downtown Remodeled Apartment,"B/.145,000.00",92,2,2,1
4,Apartments in El Bosque | El Bosque Alsacia Towers Semi Furnished Remodeled Apartment,"B/.118,000.00",66,2,2,1
5,Apartments in Carrasquilla | Torres de Castilla Carrasquilla Apartment w/ Appliances,"B/.125,000.00
 (Reduced 4%)",71,2,2,1
6,Apartments in Avenida Balboa | VENTA / ALQUILER APARTAMENTO PH COSTANERA BELLA VISTA,"B/.570,000.00",205,3,3.5,2
7,Apartments in San Francisco | Sale of apartment in San Francisco,"B/.180,000.00",82.45,2,2,2
8,Apartments in Punta Pacífica | Oceanfront OASIS ON THE BAY in Punta Pacifica,"B/.205,000.00
 (Reduced 9%)",99,2,1.5,1
9,Apartments in Coco del Mar | VENTA APARTAMENTO PH QUADRAT SAN FRANCISCO,"B/.340,000.00
 (Reduced 40%)",138,2,2.5,2
10,Apartments in Punta Paitilla | Venta P.H. Punta del Sol | Apartamento,"B/.800,000.00
 (Reduced 11%)",600,4,4.5,4
11,"Apartments in Tumba Muerto | REMATE Lexington Tower, Villa de las fuentes Area El Dorado -Tumba Muerto","B/.240,000.00",154,3,3,2
12,"Apartments in Vista Hermosa | VIA ESPAÑA Y F. DE CORDOBA A ESTRENAR DE 2 RECAMARAS Y DE 3 RECAMARAS desde U$ 169,000","B/.169,000.00",87,2,2,1
13,"Apartments in 12 de Octubre | PARQUE LEFEVRE A ESTRENAR ESTE AÑO- DESDE U$ 129,000.= 2 RECAMARAS + 2 BAÑOS+ 1 ESTACIONAMIENTO-","B/.129,000.00",61,2,2,1
14,Apartments in San Francisco | APARTAMENTO EN VENTA EN CITRUS SAN FRANCISCO 23AND1208,"B/.145,000.00",80.67,1,1.5,1
15,Venta Coco del Mar Panorama,"B/.518,400.00",192,3,3,2
16,"Apartments in San Francisco | San Francisco, APARTAMENTOS A ESTRENAR CON VISTA AL PARQUE OMAR DESDE U$ 179,899.=","B/.179,899.00",84,2,2,1
17,"Apartments in Parque Lefevre | Parque Lefevre , a ESTRENAR YA! con INTERES PREFERENCIAL- U$ 129,800.=","B/.129,800.00",55,2,2,1
18,"Apartments in Costa del Este | COSTA DEL ESTE,VENTA APARTAMENTO PRIMERA LINEA FRENTE AL MAR","B/.760,000.00",270,3,3.5,2
19,Apartments in 12 de Octubre | Sabana Tower en Vía España y la 12 de Octubre,"B/.178,110.00",99.7,3,2,1
20,"Apartments in Cerro Viento | LA RESERVA DE CERRO VIENTO - Cerro Viento, cerca de Metromall","B/.141,350.00",78.2,2,2,1
21,Apartments in Punta Paitilla | OWNER SALE APT. EXCLUSIVE PUNTA PAITILLA. FOR CHANGE OF COUNTRY.,"B/.349,000.00
 (Reduced 5%)",413.41,4,3,2
22,Apartments in Costa del Este | COSTA DEL ESTE VENDO ELEGANTE Y MODERNO APARTAMENTO FRENTE AL MAR,"B/.850,000.00",337,3,4.5,2
23,Apartments in Costa del Este | ESTRENE SU APARTAMENTO EN MAUI COSTA DEL ESTE,"B/.330,000.00",121,3,3.5,2
24,Apartments in Dos Mares | PACIFIC HILLS ELITE 500,"B/.350,000.00",182.4,3,3,2
25,Apartments in Punta Paitilla | THE TOWERS AT PAITILLA,"B/.920,000.00",329.84,3,3,2
26,Apartments in Costa del Este | TEN TOWER,"B/.815,000.00",419,3,3,3
27,Apartments in Costa del Este | ASIA,"B/.375,000.00",151.25,3,3,2
28,Apartments in El Cangrejo | PENTHOUSE EN PH MIRO,"B/.357,500.00",222.36,2,4,2
29,Apartments in San Francisco | INFINITY TOWER,"B/.270,000.00",172,3,2,2
30,Apartments in San Francisco | JADE TOWER,"B/.300,000.00",138,3,2,2
31,Apartments in Santa María | THE RESERVE,"B/.766,000.00",317.32,4,4,2
32,Apartments in Costa del Este | ESPECTACULAR APARTAMENTO EN VENTA COSTA DEL ESTE,"B/.550,000.00",200,3,3.5,2
33,Apartments in Costa del Este | TORRE ZEUS,"B/.800,000.00",419.85,4,5,3
34,Apartments in Punta Pacífica | LOFT FOUR 41,"B/.295,000.00",174.1,1,1,1
35,"Apartments in Costa del Este | APARTMENT FOR SALE EXLUSIVE AREA OF COSTA DEL ESTE $300,000","B/.300,000.00",155,3,2.5,2
36,Apartments in San Francisco | Apartment for Sale in San Francisco for $335k (Negotiable Price),"B/.335,000.00",206,3,3.5,3
37,"Apartments in Clayton | Diplomat sells for relocation Apartment in Embassy Club, Courtyard","B/.299,000.00",147,2,3.5,2
38,Apartments in San Francisco | San Francisco PENTHOUSE. SUPER GANGA,"B/.462,000.00",350,4,4,2
39,"Apartments in Villa de las Fuentes | MEI TOWER, NUEVO, 118 Y 145 METROS- 3 Y 4 RECAMARAS. LISTO PARA ENTREGA","B/.218,500.00",118,3,3,2
40,"Apartments in Punta Pacífica | PACIFIC POINT . VARIOS MODELOS LISTOS PARA OCUPAR , PUNTA PACIFICA, PACIFIC POINT",NaN,400,3,4.5,3
41,Apartments in Avenida Balboa | SE VENDE 160m2 APARTAMENTO 2 RECAMARAS REMODELADO BELLA VISTA,"B/.290,000.00",162,2,2.5,2
42,Apartments in El Dorado | NEGOCIABLE!! 3 RECÁMARAS APARTAMENTO 166M2 y de 320m2 SAN FRANCISCO,"B/.290,000.00
 (Reduced 11%)",166,3,2.5,2
43,"Apartments in Punta Pacífica | SE VENDEN PACIFIC POINT , PUNTA PACIFICA EN LAS TORRES MAS EXCLUSIVAS","B/.922,000.00",450,4,4,4
44,Apartments in Punta Pacífica | Stunning Apartment at Punta Pacifica - Absolutely Remodeled,"B/.790,000.00",308,3,4,2
45,"Apartments in Condado del Rey | VENDO APARTAMENTO EN CONDADO DEL REY, PH TERRAZAS DEL REY","B/.139,000.00
 (Reduced 4%)",97,3,2,1
46,"Apartments in Punta Pacífica | Ocean Reef Islands | Captivating house-like apartment, with gardens","B/.2,100,000.00
 (Reduced 5%)",502,4,4,3
47,Apartments in El Cangrejo | Venta P.H. El Alcazar| Apartamento,"B/.495,000.00
 (Reduced 6%)",480.72,4,3.5,4
48,Apartments in Carrasquilla | Sale of 77 m2 Apartment in Viridian Park Carrasquilla,"B/.117,000.00",77,2,2,1
49,Apartments in Costa del Este | Elevation tower - apartamento en venta costa del este,"B/.327,000.00",185,3,4.5,2
50,Dynasty Residences en Bella Vista,"B/.246,000.00",98,2,2,1
51,"Mystic Village en Don Bosco, Juan Díaz","B/.112,000.00",61.63,2,2,1
52,Ocean House en Santa María,"B/.287,000.00",86.84,2,2,2
53,Apartments in Punta Pacífica | PUNTA PACIFICA - APARTAMENTO EN VENTA - LOFT 41,"B/.305,000.00",177,1,1,1
54,Apartments in San Francisco | Excelente apartamento en TERRAZAS DEL PACIFICO,"B/.610,000.00
 (Reduced 3%)",315,3,4,3
55,"BALCONY - 1, 2 y 3 recámaras - ¡En Construcción!","B/.198,800.00",76,2,2,2
56,"Apartments in Victoriano Lorenzo | Apartamento en El Bosque, PH GREENWOOD TOWERS, Via Ricardo J Alfaro","B/.175,000.00",70,2,2,1
57,Apartments in Punta Pacífica | GRAND TOWER - PUNTA PACIFICA,"B/.790,000.00",306,3,3.5,2
58,Apartments in Santa María | EMPIRE - SANTA MARIA con opción a 4 recamaras,"B/.850,000.00
 (Reduced 2%)",322,4,4,3
59,Apartments in Punta Pacífica | GRAND TOWER - PUNTA PACIFICA,"B/.450,000.00
 (Reduced 1%)",171,2,2.5,2
60,Apartments in Punta Paitilla | GANGA / 2REC / 167mt2 / PAITILLA #1816 avd,"B/.199,000.00
 (Reduced 1%)",167,2,2,1
61,"Apartments in Avenida Balboa | Se vende apartamento en Avenida Balboa Bella Vista, Ph Nuovo Armani","B/.330,000.00
 (Reduced 3%)",105,2,3,1
62,"Apartments in Avenida Balboa | Se vende apartamento en Ave Balboa, Ph Yoo & Arts","B/.325,000.00
 (Reduced 34%)",121,1,1,1
63,Apartments in San Francisco | PH AURORA - 120m2 / 3Rec / 2.5Baños / Cuarto y baño de servicio,"B/.310,200.00
 (Reduced 10%)",120,3,2.5,2
64,PREVENTA PROYECTO CELESTE EN SANTA MARÍA,"B/.562,275.00",189,3,3,NaN
65,"Apartments in Calle 50 | Bella Vista, Vendo Apto 1Rec opción a la 2da Rec y 2 Baños 50Mts Entrega Inmediata $126,000.00","B/.126,000.00
 (Reduced 10%)",50,1,2,1
66,Apartments in Punta Pacífica | Ph Beach Club Residences. Ocean Reef II. SP,"B/.1,150,000.00",241,3,3.5,3
67,Apartments in Obarrio | Apartamento a la venta en Obarrio,"B/.270,000.00",230,4,2,2
68,Apartments in Costa del Este | SE VENDE FULL AMOBLADO APARTAMENTO COSTA DEL ESTE,"B/.610,000.00",244,3,3.5,2
69,Apartments in Costa del Este | MATISSE,"B/.915,000.00",337,3,3,3
70,Apartments in Punta Pacífica | ONE OF A KIND APARTMENT FOR SALE IN OCEAN REEF ISLAND,"B/.2,900,000.00",300,3,3.5,2
71,"Apartments in Carrasquilla | Se vende apartamento en Carrasquilla, Ph Residencias del Sol","B/.179,899.00
 (Reduced 13%)",84,2,2,1
72,"Apartments in Punta Pacífica | Se vende apartamento en Punta Pacífica, Ph Pacific Point Torre 400","B/.815,520.00
 (Reduced 37%)",272,3,3,2
73,"Apartments in Avenida Balboa | Se vende apartamento en Avenida Balboa, Ph Marina Terrace","B/.418,000.00",221.8,3,4.5,2
74,"Apartments in Punta Pacífica | Se Vende Apartamento en Punta Pacifica, Ph The Ocean Club trump","B/.370,000.00
 (Reduced 53%)",120,2,2,1
75,Apartments in Dorado Lake | Venta-alquiler,"B/.200,000.00",106,3,3,1
76,Apartments in Obarrio | VENDO APARTAMENTO EN OBARRIO,"B/.360,000.00",188,3,3.5,2
77,"Apartments in Coco del Mar | VITA FURNISHED APARTMENT FOR SALE, COCO DEL MAR (1)","B/.365,000.00",140,3,2,2
78,Apartments in Costa del Este | SE VENDE PH TITANIUM COSTA DEL ESTE,"B/.485,000.00",237,3,3.5,2
79,Apartments in San Francisco | IMPECABLE APARTAMENTO EN VENTA EN CITRUS SAN FRANCISCO AND 23-480,"B/.299,000.00",160.75,3,3.5,2
80,Apartments in Costa del Este | SE VENDE APARTAMENTO REMODELADO COSTA DEL ESTE,"B/.795,000.00",298,3,3.5,4
81,Apartments in Santa María | Spectacular apartment for SALE in The Reserve,"B/.1,650,000.00
 (Reduced 6%)",485,4,5,3
82,Apartments in Altos de Golf | Excelente Oportunidad / Apto en Altos del Golf # 1810 avd,"B/.87,300.00",65,2,1,1
83,"Apartments in 12 de Octubre | SE VENDE PH TERRANO PLAZA REMODELADO $89,000 2REC","B/.89,000.00",76,2,2,1
84,"Apartments in Punta Paitilla | REMODELADO PH BAYSIDE TOWER EN PAITILLA $799,800","B/.799,800.00",531,4,6,3
85,Proyecto en San Francisco de Entrega Inmediata a pasos del Parque Omar,"B/.217,065.00",87,2,2,1
86,Apartments in Costa del Este | VENTA DE APARTAMENTO I COSTA DEL ESTE I Oportunidad de Inversión,"B/.325,000.00
 (Reduced 2%)",121,3,2.5,2
87,Apartments in Hato Pintado | Ph Parklane Tower,"B/.185,000.00",107,2,2,1
88,"Apartments in Avenida Balboa | Excellent location, excellent investment, irresistible price…","B/.199,900.00",131.33,3,3,2
89,SUPER PROMOCIONES DE FERIA EXTENDIDAS - 5% MENOS + LINEA BLANCA,"B/.166,082.00",93,2,2,1
90,Apartments in Vía Transístmica | Remato apartamento de 93mtrs2 de 2 recámaras,"B/.135,000.00
 (Reduced 7%)",93,2,2,1
91,Apartments in El Cangrejo | Unique opportunity to move now or to rent in El Cangrejo,"B/.170,900.00",98.99,3,2,1
92,"Apartments in El Cangrejo | Miro, El Cangrejo. Apartamento en El Cangrejo","B/.357,500.00",222.36,3,4,2
93,Apartments in Marbella | Se vende apartamento en Marbella - Vista Bella Plaza,"B/.340,000.00
 (Reduced 3%)",260,3,3.5,2
94,"Apartments in San Francisco | For sale 3 bedrooms, 2 bathrooms, San Francisco, balcony, Parque Omar","B/.260,000.00",110,3,2,2
95,"Apartments in Avenida Balboa | Se Vende Apto en Vista Marina, Avenida Balboa MLS#15561","B/.200,000.00
 (Reduced 7%)",114,1,1.5,1
96,Apartments in Clayton | Embassy Club Clayton Penthouse. Apartamento en Embassy,"B/.895,000.00
 (Reduced 3%)",373,4,5.5,3
97,"Apartments in San Francisco | The One Tower, San Francisco. Apartamento en The One Tower","B/.179,000.00",100,2,2,1
98,"Apartments in El Cangrejo | Terranova, El Cangrejo a $1,109xm2. Apartamento en El Cangrejo, Bella Vista","B/.535,000.00
 (Reduced 10%)",482.43,3,3.5,3
99,Apartments in El Cangrejo | Terranova - El Cangrejo,"B/.1,200,000.00
 (Reduced 14%)",1200,4,6,7
100,"Wanders & Yoo – Marbella, Ciudad de Panamá","B/.460,000.00",144,2,2,2
101,Bali en Costa del Mar - Costa del Este,"B/.399,000.00",168.82,3,3,2
102,NUOVO ArmaniI/Casa en Cinta Costera,"B/.360,000.00",98,2,3,NaN
103,Apartments in Clayton | Clayton Park Clayton. Apartamento en Clayton en Venta,"B/.245,000.00
 (Reduced 4%)",141.06,3,2,2
104,"Apartments in San Francisco | Terrawind San Francisco, Apartamento en San Francisco","B/.199,500.00",131,3,3.5,1
105,Apartments in Costa del Este | Sol del Este Costa del Este. Apartamento en Costa del Este,"B/.225,000.00",147.6,3,3.5,2
106,Apartments in Marbella | For sale Pent-house in P.H Costa Del Mar.,"B/.789,000.00",525.12,4,4.5,2
107,Apartments in Costa del Este | Elevation Tower Costa del Este. Apartamento en Costa del Este,"B/.360,000.00",185.14,3,3.5,2
108,"Apartments in Coco del Mar | PH SANTORINI APARTMENT FOR SALE, COCO DEL MAR (4)","B/.750,000.00",340,3,3.5,5
109,Apartments in San Francisco | MODERN FURNISHED APARTMENT SAN FRANCISCO (OCEAN VIEW),"B/.232,000.00",114,2,2.5,2
110,Apartments in La Cresta | Apartment for sale in bella vista,"B/.110,000.00
 (Reduced 1%)",49,1,1,1
111,Apartments in Parque Lefevre | Venta apartmento en Parque Lindo II F.A,"B/.125,000.00",75,2,2,1
112,"Apartments in Avenida Balboa | The Sands Apartments &amp;amp;amp;amp;amp;amp; Mall! 245,000usd","B/.265,000.00",77,1,2,2
113,Apartments in Clayton | EMBASSY CLUB APARTMENT,"B/.850,000.00",295,4,3.5,3
114,"Apartments in Coco del Mar | RIVIERA DEL GOLF APARTMENT FOR SALE, COCO DEL MAR (1)","B/.579,000.00",250,4,4,3
115,"Apartments in Coco del Mar | FOR SALE APARTMENT PH VICTORY SPORT, COCO DEL MAR (5)","B/.365,000.00",125,3,2.5,2
116,"Apartments in San Francisco | Se Vende Apartamento, San Francisco","B/.198,000.00
 (Reduced 1%)",106,2,2,1
117,Apartments in Miraflores | Remate apartamento familiar 122m2 a 2 minutos de estación del metro,"B/.145,000.00",122,3,3,2
118,Apartments in Altos de Golf | ESPECTACULAR! - Oportunidad Frente al Parque Omar,"B/.397,500.00",207,3,2.5,2
119,Apartments in El Cangrejo | Se vende apartamento en el Cangrejo Ph Las Garzas OV,"B/.175,000.00",105,2,2,1
120,Apartments in Obarrio | OBARRIO PH DOWNTOWN 55 APARTAMENTO ÚNICO,"B/.500,000.00",184,5,4,3
121,Apartments in Punta Pacífica | VENTA APARTAMENTO PH OASIS ON THE BAY PUNTA PACIFICA,"B/.180,000.00",100,1,1.5,1
122,Reserva Santa Fe - Apartamentos,"B/.82,269.00",62.04,2,1,1
123,Apartments in Costa del Este | Next to the iStrip Mall Plaza and steps from the Town Center,"B/.390,000.00
 (Reduced 10%)",216.67,3,4,2
124,Apartments in Costa del Este | TOP Towers building | TURNKEY Property For Sale,"B/.250,000.00",118.74,2,3,1
125,Apartments in Hato Pintado | Venta de Apartamento en Hato Pintado,"B/.116,000.00",77,2,2,1
126,Apartments in Punta Paitilla | VENTA DE APARTAMENTO EN PUNTA PAITILLA OPCION ALQUILER $1400.00,"B/.215,000.00",160,3,2,1
127,Apartments in Campo Alegre | Hermoso Apartamento Remodelado,"B/.270,000.00",170,2,2.5,2
128,"Apartments in 12 de Octubre | Ganga , venta 100,000","B/.100,000.00",64,2,1,1
129,Venta Albatross Santa María,"B/.950,000.00",339,3,3,3
130,"✅✅ ARMONIA en Cinta Costera, Invierte en TU FUTURO","B/.124,400.00",45.24,1,1,NaN
131,"Apartments in Rio Abajo | PH TORRES DE ESPAÑA – VENTA APARTAMENTO $115,000USD","B/.115,000.00",80,3,2,1
132,Apartments in Punta Pacífica | Apartment for Sale in Punta Pacifica Mystic Point,"B/.250,000.00",163,3,3,2
133,Apartments in Costa del Este | P.H. Mirador in Costa del Este for Sale,"B/.490,000.00",200,3,3.5,2
134,Apartments in Punta Paitilla | Venta P. H. Las Hadas| Apartamento,"B/.430,000.00
 (Reduced 2%)",39000,3,3.5,3
135,Apartments in Panama City | APARTAMENTO EN VENTA EN VILLA DE LAS FUENTES...,"B/.173,000.00
 (Reduced 4%)",120,2,2.5,1
136,"Apartments in Punta Pacífica | GANGA VENDO APTO. EN PUNTA PACIFICA PH COSTA PACIFICA 142M AMOBLADO 300,000","B/.300,000.00",142,3,4,2
137,Apartments in Punta Pacífica | UNIQUE apartment Pacific Point Torre torre 400,"B/.782,400.00",326,4,4,2
138,Apartments in San Francisco | Se Vende Apartamento en San Francisco ID8083,"B/.160,000.00
 (Reduced 6%)",114,2,2,1
139,Apartments in Villa de las Fuentes | FOR SALE Apartment in Villa de Las Fuentes,"B/.235,000.00
 (Reduced 1%)",153.4,3,3,2
140,Apartments in Vía Argentina | Penthouse for sale in El Cangrejo! Negotiable price.,"B/.375,000.00
 (Reduced 7%)",256,4,3.5,2
141,Apartments in Vía Brasil | Apartment for Sale in Via Brasil - P.H. Metric,"B/.160,000.00",86,2,2,1
142,Apartments in Punta Pacífica | Apartment for sale in Punta Pacifica - PH PACIFIC POINT,"B/.790,000.00
 (Reduced 1%)",308,3,3.5,3
143,Apartments in Costa del Este | OFFER MATISSES APARTMENT FIRST LINE COSTA DEL ESTE,"B/.860,000.00",337,3,3.5,3
144,PH SOLANA 306M2 - 3REC - ULTIMAS UNIDADES - EN SANTA MARÍA,"B/.787,500.00",306,3,3,NaN
145,Marea II 707Mts2 - 1 Apto. por piso - Frente al Mar en Costa del Este,"B/.1,926,575.00",707,4,4,5
146,PH ARIA – 358M2 CON 4RECAMARAS - COSTA DEL ESTE VISTA PARQUE Y MAR,"B/.930,800.00",358,4,4,3
147,Apartments in Avenida Balboa | SPECTACULAR LOFT IN AV BALBOA FOR SALE,"B/.310,000.00",120,1,1.5,1
148,Apartments in Avenida Balboa | Hermoso apartamento cerca de ave Balboa! PH Bella Vista Park,"B/.319,950.00
 (Reduced 3%)",182,3,2.5,2
149,Apartments in Costa del Este | PENTHOUSE iN MIRADOR DEL ESTE - COSTA DEL ESTE,"B/.767,800.00",349,4,4.5,3
150,Apartments in Punta Pacífica | Venta de apartamento en el PH Q Tower con vistas al mar.,"B/.565,000.00",307,3,3.5,2
151,"Apartments in Albrook | Albrook Apartment for sell, PH Sun City 5ATb- 140m2)","B/.225,000.00",140,3,2,2
152,Apartments in Punta Paitilla | VENTA APARTAMENTO DAVIMAR PUNTA PAITILLA,"B/.405,000.00",320,3,3,5
153,Apartments in Punta Paitilla | VENTA APARTAMENTO COSTA PACIFICA AMOBLADO PUNTA PAITILLA,"B/.319,000.00
 (Reduced 3%)",199,3,4,2
154,"Apartments in Casco Viejo, San Felipe | Casco Viejo: Panoramic Views from your Living Room","B/.1,692,420.00
 (Reduced 8%)",257.58,3,4.5,2
155,"Apartments in Casco Viejo, San Felipe | Casco Viejo: investment apartment plaza view","B/.215,000.00",58,1,1,NaN
156,"Apartments in Casco Viejo, San Felipe | Casco Viejo: panoramic roof terrace","B/.450,000.00",130,2,2,NaN
157,Apartments in San Francisco | SE VENDE APARTAMENTO EN TERRAWIND GANGA!! SAN FRANCISCO,"B/.190,000.00",124,3,3,1
158,Apartments in San Francisco | Apartamento en Venta San Francisco Amplio Acogedor Hermoso 23EP1124,"B/.560,000.00",308,3,4,NaN
159,Apartments in Santa María | Apartamento en Venta Santa Maria Lujosa Moderna Torre 22EP10683,"B/.870,500.00",322,3,4,2
160,Apartments in San Francisco | SE VENDE! LUJOSO APARTAMENTO PH PREMIUM TOWER,"B/.325,000.00",160,3,3,2
161,Apartments in Coco del Mar | GANGA!! VENTA DE APARTAMENTO EN SAN FRANCISCO,"B/.310,000.00",210,4,4.5,2
162,Apartments in San Francisco | Apartamento en venta san francisco Infinity #23-923 lcv,"B/.270,000.00
 (Reduced 45%)",175,3,2.5,2
163,Apartments in Vía Porras | Excelent Apartment,"B/.175,000.00",93,2,2,1
164,Apartments in Santa Ana | Apartamento,"B/.27,000.00",40,1,1,1
165,Apartments in Clayton | Sale of Apartment in Clayton,"B/.299,000.00",147,2,3.5,2
166,"Apartments in Costa del Este | ID 3231 AMPLIO BALCON Y ESPACIOS, 3.5 BAÑOS","B/.340,000.00
 (Reduced 3%)",185,3,3.5,2
167,"Apartments in San Francisco | ID 2903 LOFT AMPLIO, AMOBLADO, CERCA A MULTIPLAZA","B/.272,500.00
 (Reduced 1%)",176,3,3.5,2
168,Apartments in Coco del Mar | Apartment for sale in Coco del Mar - PH Icon Tower Cl-,"B/.290,000.00",2009,3,3,2
169,Apartments in Vía Porras | Furnished Apartment For Sale In San Francisco,"B/.170,000.00",86,2,2,1
170,Apartments in Santa María | Empire Residences 38B 925K The Most Trendy Project in Santa Maria,"B/.925,000.00",322,3,3.5,4
171,"Apartments in Costa Sur | Costa Sur, VENTA de Apartamento * Ericka","B/.219,900.00",126,2,2,2
172,"Apartments in Urbanización Don Bosco | SUPER INVERSIÓN DE APARTAMENTO AMOBLADO MYSTIC VILLAGE, DON BOSCO","B/.80,000.00
 (Reduced 7%)",61.62,2,2,1
173,"Apartments in Tumba Muerto | Vendo o alquilo Apto 2 recámaras, 2 baños, excelente estado y ubicación",B/.700.00,85,2,2,1
174,Apartments in Dorado Lake | 超级价格面议 Apt Condado del Rey 乡村俱乐部,"B/.188,000.00",105,3,3,1
175,Apartments in La Cresta | Vendo apartamento vista panorámica en la cresta 480 m2,"B/.510,000.00",480,3,4,4
176,Apartments in Costa del Este | P.H. BALI - APARTAMENTO DE 169m2 EN COSTA DEL ESTE,"B/.389,000.00",169,3,3,2
177,Apartments in Pedregal | Aptos Colina de la Riviera-Pedregal. OPORTUNIDAD !!!,"B/.75,900.00
 (Reduced 1%)",71,2,1,1
178,Apartments in San Francisco | Beautiful remodeled apartment at PH Serenity with ocean view,"B/.219,000.00",118,2,2,1
179,Apartments in 12 de Octubre | PH VICTORIA HILLS 116mts2,"B/.169,900.00
 (Reduced 3%)",116,3,2,1
180,Apartments in Hato Pintado | Se Vende Apartamento PH Victoria Hills en 12 de Octubre,"B/.160,000.00",106,3,2,1
181,"Apartments in Carrasquilla | Centric Apartment, with entrance to ""Parque Omar""","B/.175,000.00
 (Reduced 5%)",96,2,2,1
182,Apartments in Avenida Balboa | MIRAMAR TOWER - MODERN JUST REFURBISHED 2022,"B/.669,000.00
 (Reduced 2%)",375,3,3.5,3
183,"Apartments in Coco del Mar | BARGAI!! EXCELENT APARTMENT FOR SALE - Centric, at San Francisco","B/.200,000.00",87,2,2,1
184,Apartments in Costa Sur | VENDO APTO PLANTA BAJA PH TORRES DE VERSALLES. COSTA SUR,"B/.159,000.00",107,3,2,2
185,Apartments in Avenida Balboa | VENDO PH GRAND BAY TOWER / AVENIDA BALBOA,"B/.195,000.00",104,2,2,1
186,"Apartments in Vía Porras | $115,000 Apartamento a pasos del Parque Omar","B/.115,000.00",74,2,2,1
187,Apartments in Coco del Mar | BRAND NEW APARTMENT IN VICTORY SPORT,"B/.357,000.00",110,3,3,2
188,Apartments in Condado del Rey | Apartamento en venta en Condado del Rey,"B/.152,500.00",96,3,2,2
189,Apartments in Vía Porras | Apartment for sale in San Francisco,"B/.245,000.00",148,2,2.5,2
190,"Apartments in El Cangrejo | Balboa, Bella Vista ! Executive Apart. need remodeling","B/.140,000.00
 (Reduced 3%)",94,2,2,1
191,Apartments in Punta Pacífica | SC-01 FOR SALE BEAUTIFUL PENTHOUSE IN PUNTA PACIFICA,"B/.1,350,000.00",582,5,5.5,4
192,Apartments in Costa del Este | ARCADIA - COSTA DEL ESTE- UNDER CONSTRUCTION,"B/.266,000.00",70,1,2,1
193,Apartments in Avenida Balboa | For Sale Apartment for sale in Balboa Avenue - PH ALLURE,"B/.410,000.00",175,2,2,2
194,Apartments in Avenida Balboa | For sale apartment in Balboa Avenue,"B/.339,000.00",140,2,2,1
195,Apartments in Vía Porras | REGENT EN SAN FRANCISCO,"B/.560,000.00",308,3,3.5,2
196,Apartments in Costa Sur | VENTA DE APARTAMENTO AMOBLADO CON EXCELENTE PRECIO EN VERSALLES ID7735,"B/.166,000.00",90,3,2,1
197,"Apartments in Costa del Este | TORRES DE VERSALLES I / 3 REC / 2 BAÑOS/ BALCON $128,000","B/.128,000.00",NaN,3,2,1
198,Apartments in Costa Sur | VENDO O ALQUILO APTO EN TORRES DE VERSALLES 1,"B/.135,000.00
 (Reduced 7%)",89.7,3,2,1
199,Apartments in Obarrio | VICTORIA TOWER,"B/.310,000.00
 (Reduced 6%)",206,3,3,3
200,Apartments in Coco del Mar | SE VENDE APARTAMENTO EN CABOMARZO,"B/.342,000.00",176,3,4.5,2
201,Apartments in Las Acacias | VENTA APARTAMENTO EN CANTABRIA,"B/.79,000.00
 (Reduced 5%)",64,2,1,2
202,Apartments in Punta Pacífica | VENETIAN TOWER PUNTA PACIFICA,"B/.1,650,000.00
 (Reduced 6%)",525,4,4.5,3
203,Apartments in Costa del Este | PENTHOUSE EN PH ALCALÁ,"B/.995,000.00",519.8,3,4.5,5
204,Apartments in Avenida Balboa | Waters on the Bay - Ave Balboa - Se vende apartamento,"B/.495,000.00
 (Reduced 1%)",269,3,2.5,2
205,Apartments in El Cangrejo | Luxury Apartment For Sale,"B/.399,000.00",210,3,4,2
206,"Apartments in Amador | $1,790.00 el M2 / AMADOR - APARTAMENTOS/ LOFT DE 3 RECAMARAS C/B/E + Terraza","B/.429,600.00",240,3,3,2
207,"Apartments in El Cangrejo | $1,390 X M2/ EL CANGREJO - APTO. 2 Y 3 RECAMARAS, C/B/E + Terraza","B/.382,250.00",275,2,3.5,2
208,Apartments in Avenida Balboa | Spectacular apartment at the most exclusive building in Bella Vista,"B/.450,000.00
 (Reduced 10%)",331,4,4.5,3
209,Apartments in Marbella | SOL MARINA MARBELLA | EXCEPTIONAL LAYOUT,"B/.405,000.00",240,3,3.5,2
210,"Apartments in Llano Bonito | 2R, 1 BAÑO, AMOBLADO","B/.82,000.00
 (Reduced 2%)",60,2,1,1
211,Apartments in Coco del Mar | SAN FRANCISCO PH BAHIA DEL GOLF 1 RECAMARA- AMOBLADO- PISO ALTO-VISTA AL PARQUE,"B/.149,000.00
 (Reduced 4%)",87,1,1.5,1
212,Apartments in Coco del Mar | COCO DE MAR PH BAHIA DEL GOLF VISTA AL MAR 3 RECAMARAS-PRECIO REDUCIDO-,"B/.245,000.00
 (Reduced 6%)",183,3,4.5,2
213,Apartments in Avenida Balboa | Loft for sale - Blue Park,"B/.365,000.00",159,2,2.5,2
214,"Apartments in La Cresta | Apartment at PANORAMA condomimium in La Cresta, Panama city, Panama","B/.335,000.00
 (Reduced 1%)",360,3,2,2
215,Apartments in Dorado Lake | APARTAMENTO AMOBLADO: ALQUILER Y VENTA,B/.800.00,75,2,2,2
216,Apartments in Avenida Balboa | Venta de apartamento amueblado y con línea blanca en la Avenida Balboa - PH Grandbay.,"B/.235,000.00",138.39,1,1.5,1
217,Apartments in San Francisco | APARTAMENTO EN VENTA SAN FRANCISCO PH CITRUS ID 399,"B/.280,000.00",162,3,4.5,2
218,Apartments in Costa Sur | Venta de apartamento en PH Costamare - Juan Diaz- Costa Sur,"B/.215,000.00
 (Reduced 17%)",156,3,3,2
219,Apartments in El Cangrejo | SETTON PLACE 32,"B/.140,000.00",96,2,2,1
220,Apartments in Punta Pacífica | Se vende exclusivo Penthouse en Ocean Reef - Punta Pacifica,"B/.2,995,000.00
 (Reduced 14%)",485.9,3,3.5,3
221,"Apartments in Santa María | En venta hermoso apartamento remodelado en San Francisco, PH Tao #23lg1006","B/.340,000.00",188,3,4,2
222,"Apartments in Dos Mares | Se Vende Apartamento en Dos Mares, Pacific Hills Torre 200","B/.365,000.00",329,3,3.5,3
223,"Apartments in San Francisco | Se Vende Apartamento en San Francisco, Pacific Coast","B/.279,000.00
 (Reduced 3%)",183,3,3.5,2
224,Apartments in San Francisco | Se vende apartamento PH Waterfalls San Francisco,"B/.370,000.00
 (Reduced 1%)",185,3,3.5,2
225,"Apartments in Panama City | AVENIDA BALBOA - $29,500.00 SHARED OWNERSHIP - THE SANDS","B/.29,500.00",50,1,2,1
226,Apartments in Condado del Rey | Venta de Apartamento PH. GREEN PARK en Condado del Rey 22AECC9194,"B/.123,000.00",73,2,2,1
227,Apartments in Coco del Mar | Mandarin Bay,"B/.480,000.00",210,3,4.5,2
228,Apartments in Avenida Balboa | Nuovo Residences - Apartamento en Venta $330k,"B/.330,000.00
 (Reduced 6%)",98,2,3,1
229,"Apartments in Betania | Venta de Apartamento en PH Green Park, Condado del Rey (Precio Negociable)","B/.148,000.00
 (Reduced 5%)",104.88,2,2,1
230,"Apartments in Costa del Este | Latitude Oportunidad en Venta Remodelado 209 m2 $380,000","B/.380,000.00",209,3,3.5,2
231,Apartments in Punta Pacífica | Apartamento en venta en LOFT FOUR 41 en Punta Pacifica. 23LD1001,"B/.275,000.00",174,1,1.5,2
232,"Apartments in El Cangrejo | ONLY CHANCE! IN EL CANGREJO ONLY US$150,000","B/.150,000.00",165,3,2,1
233,Apartments in San Francisco | Condo for sale P.H 7400 San Francisco,"B/.249,500.00",153.8,3,3.5,2
234,Apartments in Vía Porras | VENDO APARTAMENTO PH PARK LOFT 3 RECAMARAS,"B/.305,000.00
 (Reduced 6%)",175,3,3.5,2
235,Apartments in Punta Pacífica | Apartment for Sale in Punta Pacifica. PH Grand Tower. SD,"B/.615,000.00",303,3,3.5,2
236,"Apartments in Punta Pacífica | Se vende o se alquila apartamento amoblado en Punta Pacifica - Listo para ocupar - 550,000","B/.550,000.00",290,3,3.5,2
237,"Apartments in Marbella | Sol Marina, Apartamento en Marbella. Apartamento en Bella Vista","B/.410,000.00",240.59,3,3.5,2
238,Apartments in Pueblo Nuevo | Cosmopolitan Towers Via Transístmica. Venta Cosmopolitan Towers,"B/.185,000.00",93.32,2,2,2
239,"Apartments in Condado del Rey | Condado Country Club, Apartamento en Condado del Rey","B/.190,000.00",114.47,3,2,2
240,Apartments in Marbella | SE VENDE APARTAMENTO PH LOS DELFINES EN AV BALBOA/MARBELLA GANGA,"B/.415,000.00
 (Reduced 2%)",210,3,3,3
241,Apartments in El Cangrejo | PH Cangrejo Bay apartment for sale,"B/.165,000.00",125,2,2,1
242,Apartments in Marbella | SE VENDE APARTAMENTO REMODELADO EN MARBELLA,"B/.355,000.00",260,3,3.5,2
243,Apartments in Coco del Mar | PH BALEARES | COCO DEL MAR,"B/.260,000.00
 (Reduced 7%)",151.12,3,3,2
244,Apartments in Coco del Mar | APARTAMENTO,"B/.310,000.00
 (Reduced 9%)",189,2,3,1
245,"Apartments in Santa María | VENTA DE APARTAMENTO EN SANTA MARIA, DECORADO DE REVISTA","B/.985,000.00",314,3,3.5,4
246,Apartments in El Carmen | Apartamento en Venta El Carmen Cómodo Excelente Ubicación 22EP1763,"B/.165,000.00",98,3,2,2
247,Apartments in Santa María | Apartamento en Ocean House en Santa María,"B/.305,350.00",86,2,2,2
248,Apartments in Altos de Santa María | Venta de apartamento PH Corall Hills Altos de Santamaría,"B/.135,000.00
 (Reduced 13%)",90.5,3,2,1
249,Apartments in Costa del Este | Apartamento en Venta Costa del Este ¡Oportunidad de Inversión! FULL EQUIPADO,"B/.270,000.00",100.7,1,2,1
250,Apartments in Costa del Este | REBAJADO!!! COCO DEL MAR - VISTA AL MAR - PH BALEARES,"B/.260,000.00
 (Reduced 7%)",159,3,3,2
251,Apartments in Avenida Balboa | Ph Costanera Reventa! Jr Penthouse 205m2 v/mar!,"B/.650,000.00",205,3,3.5,3
252,Apartments in Costa del Este | Ph Aqua 324 mts2 Linea Blanca Completa Modelo A,"B/.975,000.00",324,3,3.5,3
253,Apartments in Costa del Este | Ph Castellamare Vista al Mar Apto. Loft 2 pisos 2 Rec / 2.5 Baños + Bodega + 2 Estacio.,"B/.335,000.00",113,2,2.5,2
254,Apartments in Villa de las Fuentes | REMATE DE APARTAMENTO,"B/.139,000.00",156,3,3,1
255,Apartments in Urbanización Don Bosco | APARTMENT FOR SALE in EL CANGREJO- PH SOLARIS- 169 MTS with BALCONY,"B/.269,000.00",169,3,3.5,2
256,Apartments in Costa del Este | Se Vende Apartamento en Costa del Este ID8100,"B/.230,000.00",118,2,2,1
257,Apartments in Punta Pacífica | Venta apartamento punta Pacífica ID 7256 Panamá,"B/.385,000.00",225,4,4,2
258,Apartments in Santa María | Santa María - Apartamento 366 M² - 4 Recámaras 4 Estacionamientos,"B/.1,100,000.00",366,4,4.5,4
259,Apartments in Costa del Este | Bank finishes Apartment in Costa del Este Ph Country Club,"B/.420,000.00",203,3,3.5,2
260,Apartments in Punta Pacífica | PENTHOUSE COSTA PACIFICA TORRE 400,"B/.550,000.00",355,3,3.5,2
261,Apartments in Punta Pacífica | Venta de apartamento bellamente amoblado tipo loft en Pacific Village con vistas al mar.,"B/.349,000.00",174,1,1.5,2
262,Apartments in Costa del Este | TEN TOWER / COSTA DEL ESTE / 780.000,"B/.780,000.00",420,3,6,3
263,Apartments in Santa María | SANTA MARIA / SOLANA / VENTA,"B/.828,000.00",306,3,5,3
264,Apartments in Santa María | SOLANA / SANTA MARIA / VENTA,"B/.865,000.00",306,3,5,3
265,Apartments in Santa María | FAIRWAY / COSTA DEL ESTE / VENTA o ALQUILER,"B/.2,900,000.00",1200,4,6,5
266,Apartments in Pueblo Nuevo | VENTA APARTAMENTO PH VISTA MARINA TOWER EN HATO PINTADO,"B/.130,000.00
 (Reduced 6%)",84,2,2,1
267,Apartments in Marbella | Hermoso y amplio apartamento completamente remodelado en el PH Bahía Obarrio en Marbella,"B/.299,000.00",181,3,3.5,2
268,"Apartments in Punta Pacífica | ¡OFERTA! Penthouse en PH Ocean Drive Punta Pacífica. 450mts, 4 Hab, 4 1/2 Baños","B/.720,000.00
 (Reduced 6%)",450,4,4.5,3
269,"Apartments in Avenida Balboa | Venta de apartamento amueblado, con línea blanca y vista lateral al mar y ciudad en el PH Bayfront.","B/.200,000.00",87,1,1.5,1
270,Apartments in San Francisco | Venta de hermoso apartamento en el PH Infinity.,"B/.287,000.00
 (Reduced 3%)",172,3,2.5,2
271,Apartments in Avenida Balboa | Venta de apartamento con vistas al mar y skyline de Panama en el PH Destiny (Ave. Balboa).,"B/.285,000.00",140,2,2,1
272,Apartments in Chanis | Apartamento Céntrico en Chanis,"B/.140,000.00",69,2,1,1
273,Apartments in Calle 50 | Venta de unidades residenciales en Ciudad de Panamá,B/.0.01,99,1,1,1
274,Apartments in Avenida Balboa | Se vende o alquila apartamento en PH Bella Vista Park,"B/.295,000.00",182,3,3,2
275,Apartments in Costa del Este | Vendo apartamento en Costa del Este,"B/.299,000.00",148,3,3,2
276,Apartments in Carrasquilla | Se vende Apartamento en PH Plaza Valencia,"B/.135,000.00",80,3,2,1
277,Apartments in Punta Paitilla | Coastal Tower in Punta Paitilla (ID 12862),"B/.560,000.00",370,4,4.5,3
278,Apartments in Punta Paitilla | Park Tower in Punta Paitilla (ID 12802),"B/.380,000.00",236,3,3.5,2
279,Apartments in Bella Vista | Nuovo By Armani House in Bella Vista (ID 12845),"B/.310,000.00",104,2,2.5,1
280,Apartments in Punta Paitilla | Apartment for sale in The Towers at Paitilla (ID 12931),"B/.1,250,000.00",395,4,4.5,3
281,Apartments in Santa Ana | Casco Viejo: Historic Santa Ana. Brand New! Delivery Starting January,"B/.140,000.00",47,2,1,NaN
282,Apartments in El Dorado | Venta Apartamento en EL DORADO / PH. Park View 1,"B/.185,000.00",110,3,2,2
283,Apartments in Obarrio | PH THE SEAWAVES - BELLA VISTA / OBARRIO / ÁREA BANCARIA,"B/.275,000.00",125,3,3,2
284,Apartments in Panama City | PH AQUAMARE 4000 sqft,"B/.895,000.00",410,3,3.5,3
285,Apartments in Punta Pacífica | HERMOSO APARTAMENTO REMODELADO EN VENTA EN P.H. TOC - PUNTA PACIFICA JW MARRIOT (ANTIGUO TRUMP),"B/.339,000.00",98,1,1.5,1
286,Apartments in Punta Pacífica | PENTHOUSE DE 2 NIVELES - 5 RECAMARAS + TERRAZA,"B/.418,000.00",220,5,2.5,2
287,Apartments in Vía Porras | BELLO APARTAMENTO AMOBLADO A LA VENTA CON OPCION A COMPRA Y LINDA VISTA DEL PARQUE OMAR,"B/.290,000.00",126,2,2,2
288,Apartments in San Francisco | MEJOR PRECIO DE MERCADO - Apartamento en San Francisco - Park Loft,"B/.250,000.00",131,2,2.5,1
289,Apartments in 12 de Octubre | Se vende Apartamento de 89 m2 con 3 recámaras/2 baños. Precio negociable,"B/.155,000.00",89,3,2,2
290,Apartments in Belisario Frías | APARTAMENTO EN VENTA - P.H. MALLORCA PARK VILLAGE,"B/.90,000.00
 (Reduced 2%)",68,2,1,1
291,"Apartments in 12 de Octubre | Apartamento en P.H. Villas de Vistamar, Pueblo Nuevo","B/.73,800.00
 (Reduced 10%)",52,2,1,1
292,Apartments in Vía España | SÚPER GANGA,"B/.150,000.00
 (Reduced 9%)",98,3,2,2
293,"Apartments in Casco Viejo, San Felipe | APARTMENT FOR SALE IN RED PLAZA CASCO VIEJO BUILDING","B/.270,000.00",70,1,1,NaN
294,"Apartments in San Francisco | Vendo apartamento en San Francisco, PH WaterFalls","B/.260,000.00",148,3,2.5,2
295,✅✅ Apartamentos en SANTA MARIA - Ocean House,"B/.285,000.00",86.84,2,3,2
296,"Apartments in Coco del Mar | Se Vende apartamento, Frente al Mar Ph Santorini OV","B/.1,300,000.00",536,3,3.5,3
297,Apartments in Coco del Mar | Apartamento de Lujo 378m2 Ph Puntarenas / OV,"B/.790,000.00",378,3,3.5,2
298,Apartments in Betania | SEA CONFIABLE VENDO APARTAMENTO EN CONDADO DEL REY,"B/.145,000.00",97,3,2,1
299,Apartments in San Francisco | SEA Confiable Vende PARK POINT Vista al Parque Omar,"B/.149,000.00",67,2,2,1
300,Apartments in San Francisco | SEA Confiable Vende PH Terrawind Remodelado Via Israel,"B/.210,000.00",131,3,3,2
301,Apartments in Costa del Este | SEA Confiable Vende Apartamento PH Pijao Costa del Este,"B/.226,000.00",119,3,2,2
302,Apartments in Costa del Este | Sea Confiable vende PH Sol del Este Costa del este REMODELADO,"B/.240,000.00
 (Reduced 2%)",147,3,4,2
303,Apartments in El Cangrejo | For Sale or Rent 2 bedroom Apartment in El Cangrejo $140.000 $850 #75,"B/.140,000.00",92,2,2,1
304,Apartments in Punta Pacífica | GANGA $170K PUNTA PACÍFICA VISTA AL MAR,"B/.170,000.00",96,1,1.5,1
305,"Apartments in Punta Paitilla | DELUXE UNICO EN SU CLASE , UNO POR PISO , DISTRIBUCION ÚNICA","B/.642,000.00",282,3,3.5,2
306,Apartments in Avenida Balboa | PH The Sand- Ave Balboa- Ultimas unidades.,"B/.160,000.00",50,3,2,1
307,Apartments in La Loma | Comfortable apartment in La Loma,"B/.178,000.00",105,2,2,1
308,"Apartments in Albrook | VENDO Apto en PH ALBROOK POINT, Albrook","B/.153,000.00",85,2,2,1
309,"Apartments in El Cangrejo | VENDO GANGAAAA Apto en PH DEL REY, El cangrejo","B/.190,000.00
 (Reduced 14%)",145,3,2,2
310,"Apartments in Casco Viejo, San Felipe | APARTMENT IN CASCO VIEJO","B/.285,000.00",83,1,2,NaN
311,Apartments in Costa del Este | SE VENDE APARTAMENTO PH MIRADOR DEL ESTE COSTA DEL ESTE,"B/.490,000.00",200,3,3.5,2
312,Apartments in Costa del Este | Venta PH East Coast Tower| Apartamento,"B/.750,000.00",360,4,4,3
313,Apartments in Costa del Este | Vendo Apartamento Ph Vitri excelente estado,"B/.1,165,000.00",525,4,4.5,2
314,"Apartments in Las Acacias | Vendo Apartamento Amoblado en Cantabria V, Las Acacias 23PM1109","B/.90,369.00",64,2,1,1
315,Apartments in Marbella | Acogedor Apartamento en Marbella,"B/.120,000.00",76,1,1,1
316,Apartments in Coco del Mar | VENDO/ALQUILO / COCO DEL MAR/ SAN FRANCISCO,"B/.230,000.00",145,3,2,2
317,Apartments in San Francisco | Se vende o se alquila apartamento calle Belen San Francisco,"B/.240,000.00",154,3,2.5,2
318,Apartments in Vía Argentina | Amplio apartamento en El Cangrejo!,"B/.214,000.00
 (Reduced 3%)",175,3,2.5,1
319,Apartments in Province of Panama | OBARRIO - VENDO PH DIANA TOWER,"B/.185,000.00",112,2,2,1
320,Apartments in Urbanización Don Bosco | Sale Apartment Torres de Versalles,"B/.140,000.00",98.55,3,2,1
321,Apartments in Costa del Este | BRAND NEW APARTMENTS FOR SALE COSTA DEL ESTE 3 BEDROOMS,"B/.200,900.00
 (Reduced 1%)",99,3,2,2
322,"Apartments in La Cresta | Remate de apartamento renovado en el PH Las Torres (Avaluó $340,000)","B/.279,500.00
 (Reduced 3%)",231,3,2,2
323,Apartments in Vía Argentina | VENDO APARTAMENTO EN VIA ARGENTINA,"B/.245,000.00",178,5,3,1
324,Apartments in El Cangrejo | AMPLIO Y CÓMODO APARTAMENTO EXCELENTE UBICACIÓN EL CANGREJO,"B/.175,000.00",155,3,3,1
325,Apartments in Punta Pacífica | Venta de Apartamento en Punta Pacifica - P.H. Ocean Drive,"B/.385,000.00",222.08,4,4,2
326,Apartments in Carrasquilla | Venta Apartamento PH Hyde Park,"B/.219,999.00",110,3,2,2
327,"Apartments in Edison Park | REMATE!! -VENTA-PH VIVENDI TOWERS, 69 M2 LINEA BLANCA. 112.000$. LTR no neg.","B/.112,000.00",69,2,1,1
328,Apartments in Punta Pacífica | VENTA APARTAMENTO VENETIAN TOWER,"B/.1,200,000.00",435,3,3,2
329,Apartments in El Carmen | Venta de apartamento en el carmen,"B/.129,000.00",52,1,1,1
330,Apartments in Obarrio | Venta de apartamento en Obarrio,"B/.165,000.00",102.27,2,2,1
331,"Apartments in Condado del Rey | REMATE-GANGA- P.H GREEN PARK, 140.000 $. LTR SEMI AMOBLADO. 95 M2","B/.140,000.00",95,3,2.5,1
332,"Apartments in Coco del Mar | -VENTA- P.H ICON TOWER, 285.000$, GANGA. LTR. 160 M2. PISO ALTO","B/.285,000.00",160,2,2.5,2
333,Apartments in San Francisco | Venta de apartamento en San Francisco,"B/.145,000.00",90,2,2,1
334,Apartments in Costa del Este | PARKSIDE TOWER IN COSTA DEL ESTE - OCEAN VIEW,"B/.385,000.00",125,2,2,1
335,Apartments in Punta Pacífica | Venta PH Oasis Punta Pacifica,"B/.205,000.00",100,1,2,1
336,Apartments in Costa del Este | Venta PH Elevatión Costa del Este,"B/.389,999.00",185,3,3.5,2
337,"Apartments in Punta Pacífica | Venta de Penthouse en Punta Pacifica, PH Pacific Point. bb","B/.2,990,000.00",1126,4,6,4
338,Apartments in Coco del Mar | Hermoso apartamento con vista al Mar en Coco Del Mar,"B/.357,000.00",180.75,3,5.5,2
339,Apartments in Edison Park | Apartamento Elmare,"B/.161,500.00",103,3,2,1
340,Apartments in Bella Vista | PH LEMON TOWER | BEAUTIFUL VIEW | FOR SALE | WITH TENANT FOR 1 YEAR,"B/.155,000.00
 (Reduced 2%)",79,2,2,1
341,Apartments in Costa del Este | Vendo Apartamento de Lujo en Ph Matisse en Costa del Este. MG,"B/.860,000.00",337,4,3,2
342,Apartments in Costa del Este | San Antonio House for rent,"B/.225,000.00",299,2,2,2
343,Apartments in Parque Lefevre | Reducido-Se Vende Cómodo Apartamento en Parque Lefevre,"B/.70,200.00
 (Reduced 5%)",54,2,1,1
344,"Apartments in Rio Abajo | SE VENDE APARTAMENTO EN VILLA MARIA, RIO ABAJO","B/.70,000.00",61.56,2,1,1
345,"Apartments in Brisas del Golf | PH HACIENDA GOLF, VIA CLUB DE GOLF - LUMINOSO APARTAMENTO EN VENTA","B/.175,000.00
 (Reduced 3%)",87,2,2,2
346,Apartments in Costa Sur | ESPECTACULAR APTO A LA VENTA - COSTAMARE,"B/.220,000.00",156,3,3,2
347,Apartments in Obarrio | Ready for delivery Ph Urbana,"B/.355,000.00",138.55,3,3,2
348,Apartments in El Cangrejo | SE VENDE APARTAMENTO EN P.H ONYX EL CANGREJO,"B/.157,000.00",100,3,2,1
349,Apartments in Avenida Balboa | Apartment for sale of 161 Mts.2 model C in the Yacht Club tower,"B/.285,000.00",161,2,2,1
350,Apartments in Dos Mares | Se vende Apartamento en PH DOS MARES VIEW I,"B/.185,000.00
 (Reduced 3%)",107,3,2,1
351,Apartments in Avenida Balboa | Apartamento Venta PH Destiny Avenida Balboa Ciudad Panamá,"B/.229,999.00
 (Reduced 4%)",97,1,1.5,1
352,Apartments in Punta Paitilla | Apartamento venta PH Deluxe Paitilla,"B/.1,095,175.00",427,3,3.5,2
353,Apartments in San Francisco | Se vende apto San Francisco Bay 2rec $185k,"B/.185,000.00",97,2,2,1
354,"Apartments in Carrasquilla | Apartment for sale in Via España, PH Midpark AB","B/.165,000.00",94,2,2,2
355,Apartments in Marbella | SE VENDE APARTAMENTO EN MARBELLA,"B/.315,000.00
 (Reduced 5%)",212,3,3.5,2
356,"Apartments in La Cresta | PH Bella Vista Gardens, El Cangrejo","B/.99,000.00
 (Reduced 10%)",60,2,1,1
357,Apartments in Costa del Este | Apartment for Rent at PH Costanera - Bella Vista,"B/.380,000.00",123,3,2.5,2
358,Apartments in Coco del Mar | Brand new apartment for sale in Coco del Mar (SF),"B/.365,000.00",111,2,2,2
359,Apartments in San Francisco | Hermoso apartamento en venta en PH Dupont Tower,"B/.260,000.00",126,1,1.5,1
360,Apartments in Carrasquilla | Venta de apartamento en P.H. Premium Parque Omar.,"B/.129,900.00",69,2,2,1
361,Apartments in Punta Pacífica | VENTA APARTAMENTO PUNTA PACIFICO,"B/.580,000.00",186,2,2.5,2
362,Apartments in Coco del Mar | PRESALE - 5CERO4 TOWER - COCO DEL MAR,"B/.216,600.00",77,2,2,1
363,Apartments in Bella Vista | COSTANERA EN BELLA VISTA,"B/.565,000.00",203,3,3.5,3
364,Apartments in Costa del Este | SE VENDE APARTAMENTO EN COSTA DEL ESTE CON VISTA AL MAR,"B/.530,000.00",336,3,4,2
365,Apartments in Chanis | For sale apartment PH Don David,"B/.87,000.00
 (Reduced 12%)",82.5,2,2,1
366,Apartments in Bella Vista | Luxurious apartment in Ocean Park - Torre 200,"B/.560,000.00",280,3,3.5,1
367,"Apartments in Coco del Mar | VENTA, BAHIA DEL GOLF, VISTA AL MAR, OFERTA","B/.250,000.00",NaN,3,3.5,2
368,Apartments in Clayton | SE VENDE APARTAMENTO EN CLAYTON DE 3 RECAMARAS,"B/.260,000.00",141,3,3.5,2
369,Apartments in Avenida Balboa | Yoo Panamá- Full amoblado Tipo I,"B/.596,000.00
 (Reduced 6%)",180,2,2.5,1
370,Apartments in Avenida Balboa | Yoo Panamá - Full amoblado Tipo G,"B/.443,000.00",134,1,1.5,1
371,Apartments in Marbella | PH Wanders&Yoo- Marbella- Ultimas Unidades,"B/.249,000.00",74,1,2,1
372,Apartments in Avenida Balboa | Yoo Panamá- Full amoblado Tipo E,"B/.574,000.00
 (Reduced 6%)",173,2,2.5,1
373,Apartments in Avenida Balboa | Yoo Panamá- Full amoblado Tipo K,"B/.310,000.00
 (Reduced 6%)",94,1,1.5,1
374,Apartments in Avenida Balboa | Yoo Panamá- Full amoblado Tipo F.,"B/.440,500.00
 (Reduced 6%)",134,1,1.5,1
375,Apartments in El Crisol | Excelente ubicación y precio de apartamentos en El Crisol,"B/.122,000.00",76.71,2,2,1
376,"Apartments in Perejil | ¡REMATE BANCARIO! PH Park City Tower, apartamentos nuevos en Perejil","B/.130,000.00",68,2,2,1
377,Apartments in Costa del Este | Venta Apartamento Elevation Tower Costa del Este 22*5502ML,"B/.350,000.00",185,3,4,2
378,"Apartments in Avenida Balboa | Apartment for Sale in P.H. Panoramico, Bella Vista","B/.190,000.00",164.65,2,3,2
379,Apartments in Campo Limberg | Parque del Este... NEGOCIABLE,"B/.75,000.00",50,2,1,1
380,Apartments in Avenida Balboa | Espectacular Apartamento en venta frente al mar - Rivage,"B/.340,000.00",156,1,1.5,1
381,Apartments in La Cresta | VENDO APARTAMENTO CENTRICO,"B/.112,000.00
 (Reduced 2%)",89,3,2,1
382,"Apartments in Altos de Golf | Se vende acogedor apartamento en Altos del Golf, Calle 1era Parque Lefevre, San Francisco.NEGOCIABLE","B/.89,500.00",720,2,1,1
383,Apartments in Hato Pintado | apartment for sale,"B/.80,000.00",64,2,2,2
384,Apartments in Vía Cincuentenario | VENDÓ PH 4 ISLAS,"B/.117,650.00",64,2,1,1
385,Apartments in Costa del Este | VENTA DE APARTAMENTO REMODELADO COSTA DEL ESTE CON BALCÓN ID,"B/.720,000.00",296,3,5.5,2
386,Apartments in Bella Vista | Cozy and spacious apartment near Urracá Park $ 470k,"B/.470,000.00",330,4,4.5,2
387,Apartments in Costa del Este | En Venta espacioso apto en Costa del Este,"B/.410,000.00",205,3,3.5,2
388,Apartments in Punta Pacífica | OCEAN DRIVE / PUNTA PACIFICA / 332 mt2 por 440K / TERRAZA PROPIA / 4 PKNGS / DG,"B/.440,000.00",332,3,3.5,4
389,"Apartments in Costa del Este | Castellammare Costa del Este Venta 390,000",NaN,NaN,2,2.5,2
390,"Apartments in Coco del Mar | VENDO APARTAMENTO EN COCO DEL MAR, SAN FRANCISCO","B/.360,000.00",147,2,2,1
391,"Apartments in Altos de Golf | Se Vende Apartamento en Altos del Golf, Arboleda","B/.839,900.00
 (Reduced 1%)",417.02,4,4.5,3
392,Apartments in San Francisco | FOR SALE CARRASQUILLA APARTMENT VIEW TO OMAR PARK,"B/.120,000.00",65,2,1,1
393,"Apartments in Costa del Este | SE VENDE AMPLIO APARTAMENTO EN PH BRISA MARINA, COSTA DEL ESTE.","B/.367,500.00",172,3,4,2
394,"Apartments in Avenida Balboa | PH BAY VIEW $108,000 VISTA AL MAR AMUEBLADO","B/.108,000.00",58,2,2,1
395,Apartments in Villa de las Fuentes | PH VILLA NUOVA - VILLAS LAS FUENTES 1,"B/.139,000.00
 (Reduced 10%)",110,3,3,2
396,Apartments in Coco del Mar | Apartamento a la venta en PH Puntarenas,"B/.620,000.00",337,4,5.5,3
397,Apartments in Obarrio | Venta PH River Park – Obarrio SP,"B/.225,000.00",131,3,2,2
398,Apartments in Vía Argentina | VENTA DE APTO PH LUXOR 300 2 REC AMOBLADO+ 1 PARK BALCÓN ID 351,"B/.250,000.00",98,2,2,2
399,Apartments in San Francisco | Venta de Apartamento en San Francisco a excelente precio Cl-,"B/.270,000.00",175,3,3,2
400,"Apartments in San Francisco | Apartment for Sale in PH Marina Plaza, San Francisco","B/.250,000.00",149,2,2,1
401,"Apartments in San Francisco | Se vende apartamento en PH Pacific Bay, Vía Israel","B/.355,000.00
 (Reduced 4%)",224,3,3.5,2
402,Apartments in El Cangrejo | Oportunidad! Se Vende Apartamento en El Cangrejo Cod.,"B/.185,000.00
 (Reduced 24%)",156,3,2,2
403,"Apartments in Costa del Este | Vendo Apartamento tipo Loft, en PH Castellammare Costa del Este","B/.279,000.00",113.34,2,2.5,2
404,"Apartments in El Cangrejo | Cangrejo, for sale apartment PH Cangrejo Bay","B/.170,000.00",117,2,2,1
405,Apartments in Costa del Este | Apartamento en Costa del Este PH Castellamare,"B/.305,000.00",136,2,2.5,2
406,Apartments in Avenida Balboa | Ganga vendo apartamento en Ph Yoo directo propietario,"B/.269,000.00",94,1,1,1
407,"Apartments in San Francisco | APARTAMENTO EN SAN FRANCISCO, 3 REC, VENTA, CJ","B/.590,000.00",313,3,3.5,3
408,Apartments in Llano Bonito | Se vende Apartamento PH Torres Girasol,"B/.75,000.00",58,2,1,1
409,Apartments in El Cangrejo | RSW224507. Great price! apartment 169 mt in El Cangrejo,"B/.270,000.00",169,3,3.5,2
410,Apartments in Bella Vista | EN VENTA APARTAMENTO EN VICTORIA TOWER,"B/.330,000.00",206,3,3.5,3
411,Apartments in Panama City | PENTHOUSE FOR SALE - COSTA DEL ESTE,"B/.340,000.00
 (Reduced 12%)",220,3,3,2
412,Apartments in Coco del Mar | Céntrico apartamento en venta,"B/.85,000.00",50,1,1,1
413,"Apartments in 12 de Octubre | Ganga! Venta de apartamento PH Pueblito Lindo, Pueblo Nuevo, La Pulida","B/.77,500.00
 (Reduced 3%)",68,2,2,1
414,Apartments in Condado del Rey | En Venta Apartamento Remodelado en Condado del rey PH Country Club,"B/.234,000.00
 (Reduced 6%)",114,3,3,2
415,Apartments in Marbella | ID 16046 MARBELLA TOWER,"B/.260,000.00",186.1,3,4,2
416,Apartments in San Francisco | ID 15979 CALLE 73 SAN FRANCISCO HARMONY,"B/.340,000.00
 (Reduced 3%)",208,4,4,2
417,"Apartments in San Francisco | ID 15461 Apartament for sale in PH Green Point, in front of Parque Omar","B/.95,000.00",52,2,1,1
418,Apartments in Clayton | ID 13605 CLAYTON - 3 Bed - 2 Bath 159 Sqmts,"B/.328,000.00
 (Reduced 2%)",159.62,2,2,2
419,Apartments in Juan Diaz | ID 14522 JUAN DIAZ - 2 BED 2 BATH - RES LLANO BONITO 65 SQMTS,"B/.82,000.00",66,2,2,1
420,Apartments in Betania | ID 15327 BEAUTIFUL APARTMENT FOR SALE,"B/.125,000.00",75,2,2,1
421,"Apartments in El Cangrejo | Hermoso Apartamento en el Cangrejo, oportunidad","B/.219,000.00
 (Reduced 3%)",134,3,2,2
422,Apartments in Vía España | Se vende hermoso y céntrico apartamento en vía España,"B/.125,000.00",80,3,2,1
423,"Apartments in San Francisco | VENDO APARTAMENTO EN SAN FRANCISCO, MONTEMAR, 90m2 2REC $170,000","B/.170,000.00",90,2,2,1
424,Apartments in El Cangrejo | Vendo GANGA en El Cangrejo 1 Recamara,"B/.105,000.00
 (Reduced 69%)",58,1,1,1
425,Apartments in San Francisco | Venta de espectacular Penthouse ubicado en el PH Pacific Coast.,"B/.685,000.00
 (Reduced 4%)",418,4,4.5,4
426,Apartments in San Francisco | ✅SE VENDE ESPECTACULAR PENTHOUSE EN SAN FRANCISCO 3/4 REC ...253 MTS U$350K,"B/.350,000.00",253,4,4,3
427,"Apartments in Punta Pacífica | Apartamento en Pacific Villege Punta Pacifica. Piso alto 267MT2 ,","B/.525,000.00",267,3,3.5,2
428,Apartments in Condado del Rey | Vendo Apto Remate $172k Condado Country Club 96m2,"B/.172,000.00",96,3,2,1
429,Apartments in Clayton | Spacious Apartment in Clayton - 176m² - 3 bedrooms - 2 parking spaces,"B/.380,000.00
 (Reduced 4%)",176,3,2.5,2
430,Apartments in El Cangrejo | El Cangrejo,"B/.179,000.00
 (Reduced 8%)",170,2,3,1
431,Apartments in Costa del Este | Vendo espectacular apartamento en Costa del Este,"B/.400,000.00",187,3,3.5,2
432,Apartments in Bella Vista | Se vende apartamento ubicado en Bella Vista .Mg,"B/.220,000.00",130,3,2,2
433,Apartments in Condado del Rey | APARTAMENTO EN TERRAZAS DEL REY / CONDADO DEL REY,"B/.145,000.00",97,3,2,1
434,Apartments in Avenida Balboa | PH COLORES DE BELLA VISTA. 64 MTS. CLIENTES DIRECTOS.,"B/.150,000.00
 (Reduced 3%)",64,1,1,1
435,Apartments in Avenida Balboa | SE VENDE GRANDBAY TOWER BELLO APARTAMENTO AVENIDA BALBOA,"B/.230,000.00",97,2,2,1
436,"Apartments in Obarrio | Bargain Apartment in Obarrio,, Diana Tower","B/.180,000.00",111,2,2,1
437,Apartments in Vía Porras | Venta de acogedor y practico apartamento con sauna propio ubicado en el PH Quadrat.,"B/.205,000.00",105,1,1.5,1
438,Apartments in Vía Cincuentenario | Vendo céntrico apartamento sobre la Vía España,"B/.110,000.00
 (Reduced 4%)",80,3,2,1
439,Apartments in San Francisco | Vendo céntrico y conveniente apartamento en San Francisco,"B/.165,000.00
 (Reduced 30%)",89.5,2,2,2
440,Apartments in Santa María | VENTA DE APARTAMENTO A ESTRENAR - THE RESERVE,"B/.850,000.00",331.06,4,4.5,2
441,Apartments in Costa del Este | PARQUE DEL MAR II / COSTA DEL ESTE / $380.000,"B/.380,000.00",202,3,5,2
442,Apartments in San Francisco | THE TOWERS / SAN FRANCISCO / $360.000,"B/.360,000.00",145,3,3,2
443,Apartments in Punta Pacífica | PACIFIC POINT TORRE 200 / PERFECTO ESTADO / 3 PARKINGS + DEPOSITO / DG,"B/.1,210,000.00
 (Reduced 3%)",433,3,3.5,3
444,Apartments in Punta Paitilla | Ph The Point Punta Paitilla,"B/.1,100,000.00",500,4,4.5,3
445,"Apartments in Punta Paitilla | Venta de apartamento en el PH Península con más de $50,000 en mejoras.","B/.670,000.00",334,3,3.5,3
446,Apartments in Costa del Este | SALE 405000$ negotiables Costa del este Property !!,"B/.405,000.00",187,3,3,2
447,Apartments in Parque Lefevre | VENDO APARTAMENTO EN PARQUE LEFEVRE!!!,"B/.125,000.00
 (Reduced 14%)",78,2,2,1
448,Apartments in Edison Park | Sale of apartment in Plaza Edison park,"B/.100,000.00",61,2,1,1
449,Apartments in San Francisco | San Francisco PH Harmony 1 Bedroom CC,"B/.166,000.00",95,1,2,1
450,"Apartments in Altos de Golf | Venta de apartamento, acceso directo Parque Omar","B/.450,000.00",303,3,4,3
451,"Apartments in Belisario Porras | Fuentes de Mallorca Park / Super Ganga 99,999.","B/.99,999.00",95,3,2,1
452,Apartments in Punta Pacífica | Alquilo-Vendo Apto. Ocean Reef Islands,"B/.6,000.00",321,3,4,2
453,"Apartments in Parque Lefevre | Se vende apartamento en PH Posada Real, Parque lefevre","B/.90,000.00
 (Reduced 5%)",67,2,2,1
454,"Apartments in Clayton | Clayton, Apartment in Embassy Club Garden type with beautiful view","B/.598,000.00",398,3,3.5,2
455,Apartments in Edison Park | SE VENDE APARTAMENTO EN EDISON PARK /MTRE-ZA 522,"B/.135,000.00",90,2,2,2
456,Apartments in Parque Lefevre | VENTA DE APARTAMENTO BARATO- EN PARQUES DE VERSALLES,"B/.103,000.00
 (Reduced 4%)",84.8,3,2,1
457,"Apartments in Avenida Balboa | Vendo apto 3 recamaras avenida Balboa PH Southbeach, vista al mar.","B/.220,000.00
 (Reduced 4%)",126,3,2,2
458,Apartments in Punta Paitilla | Camino Real - Frente al Mar - Apartamento en Paititlla,"B/.355,000.00",250,3,3,2
459,Apartments in Obarrio | Se Vende Apartamento en Bella Vista PH Vista Tower LT,"B/.179,000.00",107,2,2,1
460,Apartments in La Cresta | For sale or rent exclusive apartment in PH Elite/La Cresta,"B/.595,000.00
 (Reduced 1%)",400,3,3.5,3
461,"Apartments in Rio Abajo | Se Vende Apartamento Céntrico Mystic Towers, El Balboa, Rio Abajo.","B/.85,000.00
 (Reduced 11%)",57,2,1,1
462,Apartments in Punta Paitilla | Apartment for sale in Bay Shore - Punta Paitilla (ID 12872),"B/.495,000.00",301,3,3.5,2
463,Apartments in Punta Pacífica | Blue Bahía in Punta Pacifica (ID 10599),"B/.540,000.00",279,3,3.5,3
464,Apartments in Punta Paitilla | Apartment for sale in Savoy - Punta Paitilla (ID 12903),"B/.329,000.00",350,3,3.5,2
465,"Apartments in San Francisco | SE VENDE APARTAMENTO EN PH QUADRAT, SAN FRANCISCO","B/.275,000.00
 (Reduced 2%)",138,2,2.5,2
466,"Apartments in Coco del Mar | VENTA, BAHIA DEL GOLF, VISTA AL PARQUE OMAR _BR_","B/.135,000.00",98,1,1.5,2
467,Apartments in Costa del Este | FOR SALE PARK LANE,"B/.660,000.00
 (Reduced 15%)",272,3,3.5,3
468,Apartments in Costa del Este | VENDO APARTAMENTO EN BALI - COSTA DEL MAR,"B/.390,000.00
 (Reduced 1%)",187.34,3,3.5,2
469,"Apartments in Llano Bonito | Res. Llano Bonito - Apart. 57 Mts2 en Venta $90,000","B/.90,000.00",57,2,1,1
470,Apartments in Vía Cincuentenario | VENTA APARTAMENTO PARQUE LEFEVRE PH SORRENTO,"B/.107,000.00",75.59,2,2,1
471,"Apartments in Obarrio | Obarrio 135 mts2 2 recamas $250,000","B/.250,000.00",134.8,2,2.5,2
472,Apartments in Avenida Balboa | FOR SALE OCEAN FRONT unit in Ave BAlboa,"B/.570,000.00",270,2,2.5,2
473,Apartments in Villa de las Fuentes | GANGA Apartamento villa de las fuentes,"B/.144,000.00
 (Reduced 2%)",120,2,3,1
474,Apartments in Hato Pintado | VENDO PRECIOSO APTO EN ALTOS DE LA COLINA,"B/.80,000.00",57.39,2,1,1
475,Apartments in Punta Paitilla | PUNTA PAITILLA TUSCANY TOWER BUILDING HIGH FLOOR,"B/.520,000.00",270,3,4,2
476,"Apartments in San Francisco | Vendo apartamento San Francisco, 146 mtrs, nuevo, tres recamaras, vista a la ciudad.","B/.315,000.00",146,3,2,2
477,Apartments in Bella Vista | Vendo apartamento en Bella Vista,"B/.600,200.00",205,3,3.5,2
478,Apartments in El Cangrejo | venta de apartamento en el cangrejo,"B/.200,000.00",123,3,2,2
479,"Apartments in Parque Lefevre | FOR SALE Parque Lefevre $95,000","B/.95,000.00",100,3,2,1
480,Apartments in Vía Transístmica | Se vende apartamento en P.H Cosmopolitan Transismica,"B/.119,000.00",74,2,2,1
481,Apartments in El Cangrejo | Oportunidad! Se vende Amplio Apartamento en el Cangrejo,"B/.229,000.00",177,3,2.5,2
482,"Apartments in Avenida Balboa | VENTA, AV . BALBOA , PH GRANDBAY *bR*","B/.180,000.00",103,2,2,1
483,Apartments in Avenida Balboa | Oportunidad de Compra en Allure - 1 Recámara - 1.5 Baños - Balcon - Vista Al Mar,"B/.220,000.00",147,1,1.5,1
484,Apartments in Clayton | Oportunidad! Se Vende Amplio Apartamento en Clayton,"B/.285,000.00",182,4,3,1
485,"Apartments in San Francisco | PH TAO TOWER, S/FRANCISCO, 205M2, MODELO C, EL MEJOR LADO DEL PH","B/.335,000.00",205,3,3.5,2
486,Apartments in Campo Limberg | VILLA LORENA APARTAMENTO,"B/.44,000.00",48,2,1,NaN
487,"Apartments in El Cangrejo | Comfortable Apartment for sale in Coco del Mar, Ph Veranda. DP 23-1547","B/.357,000.00",180,3,3.5,2
488,"Apartments in Condado del Rey | VENDO APARTAMENTO EN ALTAMIRA GARDENS, 80m2 2REC $110,000","B/.110,000.00",80,2,2,2
489,Apartments in Punta Paitilla | Se vende apartamento en Paitilla Ph Torre del Mar OV,"B/.549,000.00",280,3,3.5,2
490,Apartments in Punta Pacífica | Oportunidad! Se Vende Apartamento en Punta Pacifica,"B/.189,000.00",110,2,2,1
491,Apartments in Avenida Balboa | Comodo apartamento en venta - Pacific Park,"B/.225,000.00",96,2,2,2
492,Apartments in Balboa | Bay View. Cinta Costera,"B/.184,368.00",80,2,2,1
493,Apartments in Punta Pacífica | cómodo apartamento en venta - Punta Pacifica PH Pacific Star,"B/.370,000.00",180,3,3,3
494,"Apartments in Punta Paitilla | Se vende amplio apt con vista al mar en Paitilla, PH Sonesta OV","B/.425,000.00",300,3,2,2
495,"Apartments in El Cangrejo | CANGREJO BAY, 115M2, CON LINEA BLANCA, EXCELENTE INVERSIÓN","B/.160,000.00",115,2,2,1
496,"Apartments in Carrasquilla | **GANGA** SAN FRANCISCO, CARRASQUILLA SOBRE LA VIA ESPAÑA.","B/.110,000.00",70,2,2,1
497,Apartments in Avenida Balboa | FOR SALE IMPECCABLE AND MODERN APARTMENT IN AVENIDA BALBOA,"B/.500,000.00",218,2,2.5,1
498,Apartments in Obarrio | Spectacular remodeled apartment for sale in Obarrio,"B/.290,000.00",200,3,2,2
499,Apartments in Avenida Balboa | Oportunidad! Se Vende Apartamento cerca de la Cinta Costera,"B/.130,000.00",68,2,2,1
500,Apartments in Bella Vista | Lujosos apartamentos en Bella Vista - PH Costanera,"B/.400,000.00",151,3,4,2
501,Apartments in Santa María | Venta de Apartamento The Reserve Santa Maria 23AECC1514,"B/.690,000.00",252.02,3,3.5,2
502,Apartments in Costa del Este | For sale Apartment for sale in Costa del Este - P.H. PARKSIDE,"B/.385,000.00",125,2,2,1
503,Apartments in Clayton | PRE-VENTA! CLAYTON POINT! APARTAMENTOS de 70 M2,"B/.189,000.00",70,1,1,1
504,Apartments in San Francisco | APARTMENT FOR SALE IN EDISON PARK MDV22-4079,"B/.135,000.00",71,2,2,1
505,Apartments in Clayton | PRE-VENTA! CLAYTON POINT! APARTAMENTOS de 53 M2,"B/.148,400.00",53,1,1,1
506,Apartments in El Cangrejo | Venta Apartamento/El Cangrejo,"B/.134,000.00",94,2,2,1
507,Apartments in Bella Vista | Venta Apartamento Nuovo by Armani Vista al Mar. Precio de Oportunidad,"B/.325,000.00",101,2,3,1
508,"Apartments in Costa del Este | VENDO APARTAMENTO EN COSTA DEL ESTE, TEN TOWER, 420M2 3REC $790,000","B/.790,000.00",420,3,3.5,3
509,Apartments in El Cangrejo | PRICED REDUCED - ROYAL PLAZA - EL CANGREJO,"B/.211,000.00",225,2,2,1
510,Apartments in Campo Limberg | OPORTUNIDAD DE INVERSIÒN. APARTAMENTO JARDIN OLÌMPICO. PLANTA BAJA,B/.65.00,70,3,3,NaN
511,Apartments in Coco del Mar | Apartment for sale in San Francisco LAC 23-1443,"B/.178,800.00",86,2,2,1
512,"Apartments in Punta Pacífica | Se vende apartamento en San Francisco, Ph Sky Blue Tower","B/.185,000.00",100,2,2,2
513,Proyecto Van Gogh,"B/.180,000.00",71.39,2,1,NaN
514,Proyecto Riviera del Golf,"B/.454,520.00",183.35,4,2,2
515,Proyecto Torres de Cantabria,"B/.120,000.00",74.36,2,2,1
516,Proyecto Torres de Versalles II,"B/.155,250.00",89.79,3,2,1
517,"Apartments in Avenida Balboa | APARTAMENTO EN AVENIDA BALBOA, BAYVIEW / BAY VIEW 50M2 2REC $95,000 NEG","B/.95,000.00",50,2,2.5,1
518,Apartments in Dos Mares | APARTMENT FOR SALE in two seas CUR22-9791,"B/.179,500.00",120,3,2,2
519,Apartments in San Francisco | Apartment for sale in San Francisco Che,"B/.350,000.00",200.56,3,3.5,2
520,Apartments in San Francisco | APARTMENT FOR SALE IN SAN FRANCISCO CUR22-9018,"B/.299,000.00",159,3,4,2
521,Apartments in Clayton | PRE-VENTA! CLAYTON POINT! APARTAMENTOS de 60 M2,"B/.168,000.00",60,1,1,1
522,Apartments in Costa del Este | COSTA DEL ESTE - 125 MTS - 2 BEDROOMS DL,"B/.375,000.00",125,2,2,1
523,Apartments in San Francisco | VENTA HERMOSO APARTAMENTO EN SAN FRANCISCO PH PREMIER LOFT,"B/.576,000.00",376,3,3.5,2
524,Apartments in Punta Pacífica | VENTA DE APARTAMENTO EN PUNTA PACIFICA,"B/.950,000.00",320,3,3.5,3
525,Apartments in El Cangrejo | VENTA APARTAMENTO EL CANGREJO IMPECABLE,"B/.399,000.00",210,3,4,1
526,Apartments in San Francisco | Furnished apartment for sale in San Francisco Che224461,"B/.355,000.00",145,3,3,2
527,"Apartments in El Cangrejo | The Crab - Luxor 300 - 94 meters - $235,000 DL","B/.235,000.00",94,2,2,1
528,"Apartments in Costa del Este | EDIFICIO CASTELLAMMARE EN COSTA DEL ESTE, 137m2 3REC $310,000","B/.310,000.00",140,3,2,2
529,Apartments in El Cangrejo | Vendo apartamento en PH Bella Vista Gardens,"B/.135,000.00",82,3,2,1
530,"Apartments in El Cangrejo | EL CANGREJO - 135 MTS - 3 BEDROOMS - $199,000 DL","B/.199,000.00",135,3,2,2
531,"Apartments in Albrook | Venta Apartamento Pine Hill Vista Panorámica. Oportunidad (1,456 $/m2)","B/.250,000.00",171.74,3,2.5,2
532,"Apartments in Punta Pacífica | Se vende apartamento en Punta Pacífica, Ph Grand Tower","B/.582,500.00",233,3,3,2
533,"Apartments in Vía España | Brand new Worldwide Vía España - 56 MTS - 2 bedrooms - $125,000 DL","B/.125,000.00",56,1,2,1
534,Apartments in Coco del Mar | Apartment for sale in Coco del Mar Che231421,"B/.290,000.00",160,3,2.5,2
535,Apartments in Chanis | VENTA APARTAMENTO EN CHANIS,"B/.115,000.00",72,2,2,1
536,Apartments in Bella Vista | APARTMENT FOR SALE IN BELLAVISTA MPS21-8622,"B/.235,000.00",134.18,2,2,2
537,Apartments in Villa Zaita | Se Vende Acogedor Apartamento en Villa Zaita,"B/.97,000.00",66,2,1,1
538,Apartments in Costa del Este | Venta PH RIVERSIDE en Costa de Este,"B/.318,000.00",107,2,2,2
539,Apartments in Costa del Este | Apartment for sale in Costa del Este MPS23-1518,"B/.122,000.00",87.25,3,2,1
540,"Apartments in San Francisco | VENDO APARTAMENTO EN TORRES DE SAN FRANCISCO, 80M2 2REC $135,000","B/.135,000.00",80,2,2,1
541,"Apartments in Coco del Mar | VENDO EN COCO DEL MAR, LEMARE / LE MARE 125M2 2 REC $265,000","B/.265,000.00",125,2,2,2
542,Apartments in Clayton | PRE-VENTA! CLAYTON POINT! APARTAMENTOS de 120 M2,"B/.294,000.00
 (Reduced 16%)",120,3,2,2
543,"Apartments in Victoriano Lorenzo | Tumba Muerto, SALE PH ALSACIA TOWERS *Ericka","B/.105,000.00",55.1,2,2,1
544,Apartments in Punta Paitilla | Apartment for sale in Paitilla 22DCD8361,"B/.199,000.00",147.15,2,2,2
545,Apartments in Costa del Este | VENTA APARTAMENTO EN JARDINES DEL ESTE COSTA DEL ESTE,"B/.90,000.00",58,2,1,1
546,Apartments in Bella Vista | SE VENDE APARTAMENTO EN PH ALLURE AVENIDA BALBOA,"B/.290,000.00",134,2,2,1
547,Apartments in Clayton | Venta Embassy Club Espectacular Apartamento Amplio Patio como una Casa,"B/.980,000.00",235.94,3,3.5,2
548,"Apartments in Villa de las Fuentes | $255,000 BEAUTIFUL APARTMENT IN VILLA DE LA FUENTE 115.41 MTS2","B/.255,000.00",115.41,2,2,2
549,Apartments in San Francisco | Apartment for sale in San Francisco 23DCD1443,"B/.178,800.00",86,2,2,1
550,Apartments in Vía España | VENTA APARTAMENTO PH BRISAS DE ESPAÑA,"B/.98,000.00",65,2,1,1
551,"Apartments in Costa del Este | Venta Apartamento Park View Vista al Mar a Estrenar. Remate 2,458 $/m2","B/.585,000.00",238,3,3.5,2
552,Apartments in Coco del Mar | COCO DEL MAR - 1 RECAMARA - 95 M² - VISTA AL MAR,"B/.190,000.00",95,1,1.5,1
553,Apartments in Costa del Este | Sale of Apartment in Costa del Este 3 Bedrooms $315000,"B/.315,000.00",154,3,2,2
554,Apartments in Parque Lefevre | APARTAMENTO PH PARQUE LINDO EN PARQUE LEFEVRE,"B/.85,000.00",52,2,1,1
555,Apartments in Edison Park | VIVENDI TOWERS - EDISON PARK - Balcón - Piso Alto,"B/.180,000.00",95,3,2,1
556,Apartments in Vía Argentina | Apartamento en Venta PH Zaphiro El Cangrejo,"B/.250,000.00",115,2,3,1
557,"Apartments in 12 de Octubre | Se Vende Apto en PH Doral, 12 de Octubre","B/.115,000.00",77.76,2,2,1
558,"Apartments in Punta Pacífica | SE VENDE APARTAMENTO EN PUNTA PACIFICA 197M2 PRECIO U$240,000","B/.240,000.00",197,3,3,2
559,"Apartments in Santa María | APARTMENT FOR SALE – SANTA MARIA $1,290,000.00","B/.1,290,000.00",425,4,4.5,4
560,Apartments in Parque Lefevre | Apartment for sale in Parque Lefevre,"B/.140,000.00",70,2,2,1
561,Apartments in Urbanización Don Bosco | Apartamento Venta Torres de Versalles 3 recámaras – Precio de Oportunidad,"B/.135,000.00",95.61,3,2,1
562,Apartments in Bella Vista | Venta de Apartamento con vista al Mar en Bella Vista ID8179,"B/.300,000.00",240,3,3,2
563,"Apartments in Costa del Este | Latitude Oportunidad en Venta Remodelado 209 m2 $380,000","B/.380,000.00",209,3,3.5,2
564,"Apartments in Coco del Mar | Se Vende Apto en PH Icon, Coco del Mar","B/.300,000.00",160,2,2.5,2
565,Apartments in Vía España | VENDO APARTAMENTO EN VIA ESPAÑA FRENTE AL METRO 2 RECAMARAS,"B/.105,000.00",64,2,2,1
566,"Apartments in Santa María | PH ALBATROSS - SANTA MARIA - 381 METERS $1,009,350","B/.1,009,350.00",381,4,4.5,3
567,Apartments in Punta Paitilla | Vende Apartamento en PH La Joya-Paitilla,"B/.1,200.00",157,2,2,1
568,Apartments in San Francisco | Lindo Apartamento en Star Bay Remodelado - 206 m2,"B/.340,000.00",209,3,3.5,3
569,"Apartments in Punta Pacífica | Se vende apartamento en Punta Pacífica, Ph Grand Tower","B/.400,000.00",157,2,2,1
570,"Apartments in Bella Vista | Venta Apartamentos PH Armonía Mod C, Precios de Lanzamiento","B/.167,400.00",66.62,3,2,NaN
571,"Apartments in Santa María | PH ALBATROSS - SANTA MARIA - 339 METERS $898,350","B/.898,350.00",339,3,3.5,3
572,Apartments in San Francisco | VENTA HERMOSO APARTAMENTO PH 7400 WEST SAN FRANCISCO,"B/.239,000.00",156,3,3.5,2
573,Apartments in Punta Paitilla | Apartment for Sale in Punta Paitilla,"B/.525,000.00",300,3,2,2
574,Apartments in Costa del Este | VENTA PH AQUA I COSTA DEL ESTE 400 m2,"B/.1,200,000.00",400,4,4.5,3
575,Apartments in Costa del Este | EN VENTA AMPLIO APARTAMENTO CON VISTA AL MAR - PH ALTAMAR DEL ESTE - LINEA BLANCA.,"B/.680,000.00",300,3,3.5,3
576,Apartments in El Cangrejo | Very spacious apartment for sale in El Cangrejo. 180m2. Decree 23-1402,"B/.260,000.00",180,2,3,1
577,Apartments in Punta Paitilla | Venta! Apartamento en San Francisco,"B/.185,000.00",97,2,2,2
578,"Apartments in Obarrio | VENDO APARTAMENTO EN OBARRIO, THE PALM, 175m2 3REC $250,000","B/.250,000.00",180,3,3,2
579,Apartments in Santa María | PH SIGNATURE - SANTA MARIA - VENTA,"B/.1,036,000.00",370,4,4.5,4
580,Apartments in Carrasquilla | VENTA APARTAMENTO MIDPARK CARRASQUILLA,"B/.150,000.00",80,2,2,1
581,"Apartments in San Francisco | VENDO APARTAMENTO EN SAN FRANCISCO, MOON TOWER, 115m2 2REC $190,000","B/.190,000.00",120,2,2,1
582,Apartments in Costa del Este | VENTA PH PEARL AT THE SEA Costa del Este,"B/.670,000.00",293,3,3.5,2
583,Apartments in Punta Paitilla | Apartment for Sale - PH TAMANACO - Punta Paitilla,"B/.350,000.00",290,3,2,2
584,Apartments in Santa María | PH AZALEA / SANTA MARIA / VENTA,"B/.1,200,000.00",391,3,3.5,3
585,"Apartments in Bella Vista | Venta Apartamentos PH Armonía Mod B, Precios de Lanzamiento","B/.153,750.00",55.98,2,2,NaN
586,"Apartments in Bella Vista | Venta Apartamentos PH Armonía Mod A, Precios de Lanzamiento","B/.124,500.00",45.24,1,1,NaN
587,"Apartments in Parque Lefevre | VENDO APARTAMENTO EN PARQUE LEFEVRE, 76m2 2REC $95,000","B/.95,000.00",80,2,2,1
588,Apartments in San Francisco | PH THE TOWERS - SAN FRANCISCO - VENTA,"B/.405,000.00",145,3,3.5,2
589,"Apartments in Costa del Este | Se Vende Apto en PH Asia, Costa del Este.","B/.375,000.00",153,3,3.5,2
590,Apartments in Punta Pacífica | For sale apartment in Ph Aquamare - Punta Pacifica,"B/.1,100,000.00",400,3,3.5,4
591,Apartments in Vía Porras | OASIS!!! 2 ESTACIONAMIENTOS Y DEPOSITO,"B/.175,000.00",95,2,2.5,2
592,Apartments in El Cangrejo | KUBIC!! SUPER PRECIO,"B/.185,000.00",98,2,2,1
593,"Apartments in Amador, Cause Way | VENTA, ALQUILER PH BRIDGE CAUSEWAY","B/.380,000.00",250,2,2.5,2
594,"Apartments in Costa del Este | House for sale in Altos del Golf, San Francisco - Panama City","B/.750,000.00",519,3,3,3
595,Apartments in San Francisco | COSMOPOLITAN!!!! SAN FRANCISCO !! HERMOSO !,"B/.220,000.00",117,2,2,1
596,"Apartments in Avenida Balboa | Sale of Apartment in Avenida Balboa 4 Bedrooms $1,650,000","B/.5,900.00",750,4,4.5,4
597,Apartments in Juan Diaz | Furnished Apartment for sale in Costa del Este,"B/.300,000.00",145,3,2,2
598,Apartments in Obarrio | HERMOSO APTO PH SUNRISE TOWER OBARRIO $230K,"B/.230,000.00",146,3,2,2
599,Apartments in El Cangrejo | BEAUTIFUL APARTMENT FOR SALE IN EL CANGREJO FULL FURNISHED,"B/.190,000.00",85,2,2,1
600,Apartments in Clayton | Beautiful apartment for sale or rent in Embassy Club Garden type,"B/.620,000.00",298,3,3.5,3
601,Apartments in Clayton | Se Vende Apartamento en Clayton Park II,"B/.320,000.00",1151.1,3,3,2
602,Apartments in El Bosque | Venta Altavista Tower Amoblado,"B/.145,000.00",87,2,2,1
603,Apartments in Condado del Rey | Apartment for sale in Condado del Rey PH Rokas .,"B/.165,000.00",97,3,3,1
604,Apartments in San Francisco | Apartment for sale in San Francisco 28712MFK,"B/.190,000.00",124,3,3,2
605,"Apartments in Carrasquilla | YY22-2892APARTAMENTO EN VENTA, Carrasquilla Negociable","B/.122,000.00",70,2,2,2
606,"Apartments in Vía Argentina | Apartment For Sale in Via Argentina, PH Terranova R-0011","B/.420,000.00",231,3,3,2
607,Apartments in Costa del Este | Apartment for sale in Costa del Este 31523MFK,"B/.430,000.00",209,3,3,2
608,Apartments in Clayton | A LA VENTA ENCANTADOR APARTAMENTO EN CLAYTON,"B/.330,000.00",135,2,2.5,2
609,Apartments in Villa Lucre | Apartamento en Venta PH Villa Lucia - Villa Lucre 23-1472,"B/.115,000.00",69,2,2,1
610,"Apartments in Avenida Balboa | J.G Se vende apartamento en Av Balboa desde $143,598 hasta $184,368","B/.184,368.00",80.16,2,2,1
611,Apartments in Costa del Este | Apartment for sale in Costa del Este 22DCD10210,"B/.330,000.00",148.51,3,2,2
612,Apartments in Punta Paitilla | VENTA HERMOSO APARTAMENTO PH ROYAL PRINCESS - PUNTA PAITILLA,"B/.155,000.00",133,2,2,1
613,Apartments in Carrasquilla | PRECIOSO APARTAMENTO A LA VENTA EN CARRASQUILLA,"B/.165,000.00",98,3,2,2
614,Apartments in Condado del Rey | VENTA APARTAMENTO PH KINGS PARK CONDADO DEL REY,"B/.135,000.00",85,2,2,1
615,Apartments in El Dorado | ENCANTADOR APARTAMENTO A LA VENTA EN EL DORADO,"B/.205,000.00",138,3,2,2
616,Apartments in San Francisco | Apartment for sale in San Francisco 22DCD2913,"B/.275,000.00",204,3,4,2
617,Apartments in Coco del Mar | Apartment for sale in Coco del Mar 31547MFK,"B/.357,000.00",180,3,5,2
618,"Apartments in San Francisco | Se Vende amplio apto en San Francisco Calle 74 $135,000","B/.135,000.00",82,2,2,1
619,Apartments in Clayton | BEAUTIFUL AND SPACIOUS APARTMENT IN CLAYTON PARK - C.J.,"B/.340,000.00",151,3,2.5,2
620,Apartments in Punta Pacífica | ELEGANTE APARTAMENTO PARA LA VENTA EN PUNTA PACIFICA,"B/.339,000.00",98,1,1.5,1
621,Apartments in Obarrio | Apartment for sale in Obarrio 23DCD1003,"B/.230,000.00",146,3,2,2
622,"Apartments in Punta Pacífica | Gangaso en punta pacífica no te lo pierdas pacific wind $160,000","B/.160,000.00",99,3,2,1
623,"Apartments in Vía Porras | $200,850 FOR SALE BRAND NEW NEAR PARQUE OMAR 103 MTS2","B/.200,850.00",103,2,2,1
624,Apartments in Betania | CAMINO REAL de BETANIA central location without the noise of the city.,"B/.149,000.00",104,2,2,1
625,"Apartments in Vía Porras | $175,500 FOR SALE BRAND NEW NEAR PARQUE OMAR 90 MTS2","B/.175,500.00",90,2,2,1
626,Apartments in Bella Vista | Apartment for sale in Bella Vista 23DCD820,"B/.220,000.00",98,2,2,1
627,Apartments in Punta Paitilla | PH MIRADORES AT THE POINT - PUNTA PAITILLA,"B/.1,450,000.00",500,3,3.5,3
628,Apartments in Avenida Balboa | Avenida Balboa vista al mar ph Bay view apartamento amueblado dos recamaras,"B/.110,000.00",53,2,2,1
629,"Apartments in Vía Porras | $154,050.00 FOR SALE BRAND NEW NEAR PARQUE OMAR 79 MTS2","B/.154,050.00",79,2,2,1
630,Apartments in El Bosque | ALTAMIRA GARDENS,"B/.195,000.00",125,3,2,2
631,Apartments in Panama City | En Venta Ph Vista Marina Tower,"B/.120,000.00",72,2,2,1
632,Apartments in Coco del Mar | Oportunidad de compra - Apartamento a la venta,"B/.265,000.00",120,3,2,2
633,Apartments in Vía España | REMATE APARTAMENTO PH METROPOLITAN PARK,"B/.138,000.00",78,2,2,1
634,"Apartments in Vía Porras | $117,000 FOR SALE BRAND NEW NEAR PARQUE OMAR 60 MTS2","B/.117,000.00",60,2,1,1
635,Apartments in Avenida Balboa | PH YOO AND ARTS - AVENIDA BALBOA - VENTA,"B/.459,000.00",171,2,2,2
636,Apartments in Condado del Rey | VENTA APARTAMENTO PH TORRES DE MILAN CONDADO DEL REY,"B/.78,000.00",62,2,1,1
637,Apartments in El Cangrejo | Apartment with Beautiful Panoramic View in El Cangrejo R-0001,"B/.330,000.00",178,3,2.5,2
638,"Apartments in Altos de Golf | Apartamento en Venta $155K en Altos del Golf, Parque Omar. PH Mirador del Golf","B/.155,000.00",97,2,2.5,1
639,Apartments in San Francisco | Venta de Apartamento 23EM1195,"B/.560,000.00",343.64,3,3.5,2
640,Apartments in Avenida Balboa | PH RIVAGE / AVENIDA BALBOA / VENTA,"B/.365,000.00",150,1,1,1
641,"Apartments in Panama City | Hermoso Apartamento remodelado de 184mts.2 en $345,000.00 por Vía Israel","B/.345,000.00",184,3,4.5,2
642,Apartments in San Francisco | Venta de Apartamento 23EM1124,"B/.560,000.00",308.47,3,3.5,1
643,Apartments in Panama City | Se vende apartamento en el Area de Condado del Rey,"B/.145,000.00",97,3,2,2
644,Apartments in Parque Lefevre | Apartamento en Venta PH Don David - Parque Lefevre 23-201,"B/.85,000.00",82,2,2,1
645,Apartments in Avenida Balboa | Ph Whaters. Av Balboa,"B/.286,000.00",123,1,2,1
646,"Apartments in Santa María | Se Vende Penthouse Amoblado, Costa del Este.","B/.995,000.00",450,4,4.5,3
647,Apartments in Punta Pacífica | VENTA APARTAMENTO PH OASIS ON THE BAY PUNTA PACIFICA,"B/.220,000.00",100,1,1.5,1
648,"Apartments in Panama City | Se vende céntrico apartamento de 101mts,2 en Villa de las Fuentes","B/.145,000.00",101,3,2,2
649,Apartments in El Cangrejo | Vendo apartamento de 2 recamaras en El Cangrejo,"B/.188,000.00",83,2,2,1
650,Apartments in Santa María | ✅✅ ULTIMO apartamento OCEAN HOUSE golf view,"B/.540,000.00",171,2,2.5,2
651,"Apartments in Avenida Balboa | Venta de Apartamento. $110 K, SEMI AMOBLADO y VISTA AL MAR. PH Bay View","B/.110,000.00",50,2,2,1
652,Apartments in Punta Pacífica | Venta de Apartamento 23EM1194,"B/.475,000.00",292.27,3,4.5,2
653,Apartments in Punta Pacífica | Venta de Apartamento 23EM1100,"B/.275,000.00",174,1,1.5,2
654,"Apartments in Coco del Mar | VENDO APARTAMENTO EN COCO DEL, ICON TOWER 160M2 2REC $270,000","B/.270,000.00",165,2,2,2
655,"Apartments in Costa del Este | THE REGENT VERY HIGH FLOOR FOR SALE, EAST COAST (1)","B/.350,000.00",95,2,2,1
656,Apartments in La Cresta | Spectacular Apartment,"B/.695,000.00",386,4,4.5,3
657,Apartments in Punta Pacífica | JW MARRIOTT - PUNTA PACIFICA - VENTA,"B/.255,000.00",48.87,1,1,1
658,Apartments in Hato Pintado | Vendo apartamento en Hato Pintado,"B/.92,000.00",73,3,2,1
659,"Apartments in Vía España | Vendo apartamento de 90m2, 2 Recamaras 2 baños $160,000.00","B/.160,000.00",90,2,2,1
660,Apartments in Edison Park | Apartment in Edison Park - Vivendi - 23YCG231,"B/.145,000.00",77,2,2,1
661,Apartments in Costa del Este | VENDO APARTAMENTO EN COSTA DEL ESTE,"B/.375,000.00",202,3,3.5,2
662,Apartments in Costa del Este | PH BREEZE - COSTA DEL ESTE - VENTA,"B/.425,000.00",219,3,3.5,2
663,Apartments in Santa María | Venta de Apartamento en Exclusiva Santa Maria 23LD1519,"B/.750,000.00",269,3,3.5,3
664,"Apartments in Costa del Este | GANGA! En Venta Apto en PH GREEN BAY, Costa del Este $160k","B/.160,000.00",115,3,2,1
665,"Apartments in Punta Pacífica | Loft En Venta en PH OCEANAIRE, Pta. Pacífica $300000","B/.300,000.00",178,2,2,2
666,Apartments in Santa María | Venta de Apartamento The Reserve Santa Maria 23LD1514,"B/.690,000.00",252.02,3,3.5,2
667,"Apartments in Costa del Este | Apartment for sale in Costa del Este, PH Ocean One, 550m2","B/.1,500,000.00",550,4,4.5,3
668,Apartments in Punta Pacífica | Apartment in Q Tower - Punta Pacifica 22YCG735,"B/.595,000.00",309,3,3.5,2
669,Apartments in Clayton | Venta de Apartamento Rodeado de la naturaleza Clayton 23LD1516,"B/.260,000.00",141.06,3,3,2
670,Venta Albatross Santa María,"B/.1,066,800.00",381,3,3,3
671,Venta Azalaea Santa María,"B/.1,150,000.00",391,3,3,3
672,Apartments in Altos de Golf | PH ARBOLEDA - ALTOS DEL GOLF - VENTA,"B/.1,500,000.00",600,4,4.5,3
673,Apartments in Punta Paitilla | Villa Marina in Punta Paitilla (ID 12677),"B/.485,000.00",330,3,3.5,2
674,"Calas de Mallorca, Los Andes","B/.114,000.00",61,2,2,1
675,Apartments in Los Andes | PH Calas de Mallorca - Los Andes,"B/.114,000.00",61,2,2,1
676,Apartments in Punta Paitilla | Golden Palace in Punta Paitilla (ID 10880),"B/.700,000.00",350,4,3.5,3
677,Apartments in Punta Pacífica | Grand Tower in Punta Pacifica (ID 10896),"B/.580,000.00",210,2,2.5,2
678,Apartments in Santa María | PH SOLANA - SANTA MARIA - VENTA,"B/.875,000.00",306,3,3.5,3
679,"Apartments in Vía Transístmica | Se Vende Apto en PH Central Park, Transistmica","B/.140,000.00",85,2,2,2
680,Apartments in Punta Paitilla | sale in Miradores Punta Paitilla (12768),"B/.1,320,000.00",442,3,3.5,3
681,Apartments in San Francisco | SE VENDE APARTAMENTO DE 335M2 CON VISTA AL MAR,"B/.552,000.00",335,3,4,3
682,"Apartments in Costa del Este | VENDO APARTAMENTO EN COSTA DEL ESTE, GREEN BAY 115m2 3REC $165,000","B/.165,000.00",115,3,2,1
683,"Apartments in San Francisco | VENDO EN SAN FRANCISCO, MET ONE / MET1 100m2 2REC $170,000","B/.170,000.00",100,2,2,1
684,Apartments in Villa de las Fuentes | Apartment for Sale in Villa de las Fuentes CL-,"B/.145,000.00",96,3,2,2
685,Apartments in El Cangrejo | Apartment for Sale in El Cangrejo CL-227460,"B/.159,479.00",61,2,2,1
686,Apartments in Villa de las Fuentes | Apartment for Sale in Villa de las Fuentes CL-,"B/.145,000.00",96,3,2,2
687,Apartments in Avenida Balboa | MODERNO APARTAMENTO A ESTRENAR - PH COSTANERA - EXCLUSIVA UBICACIÓN.,"B/.360,000.00",132,3,3.5,2
688,Apartments in Costa del Este | Costa del Este 4 Bedrooms Ph Mirador - V.C.,"B/.770,000.00",349,4,4.5,3
689,Apartments in San Francisco | APARTAMENTO EN VENTA SAN FRACISCO COCO DEL MAR KS,"B/.110,000.00",110,2,2,1
690,Apartments in Vía Porras | PH TAO SALE,"B/.360,000.00",190,3,3.5,1
691,"Apartments in Coco del Mar | APARTAMENTO EN COCO DEL MAR - $260,000","B/.260,000.00",159,3,3,2
692,Apartments in Punta Paitilla | WIN! APARTMENT FOR SALE IN PAITILLA -170M2,"B/.230,000.00",170,2,3,1
693,"Apartments in Punta Pacífica | Venta de Apartamento en Punta Pacifica, Ph Bellagio","B/.1,598,500.00",689,4,4,3
694,Apartments in Brisas del Golf | APARTAMENTO 3 REC BONO DE $15.000 PASEO DEL NORTE PH PENINSULA,"B/.196,500.00",96,3,2,2
695,Apartments in Brisas del Golf | APARTAMENTO 3 REC BONO DE $15.000 PASEO DEL NORTE PH PENINSULA,"B/.220,000.00",113,3,2,2
696,Apartments in Santa María | APARTAMENTO EN SANTA MARIA 190m2 PH THE COLONIAL,"B/.575,000.00",190,3,3,2
697,Apartments in Santa María | APARTAMENTO EN SANTA MARIA 225m2 PH THE COLONIAL,"B/.699,750.00",190,3,3,2
698,"Apartments in Santa María | APARTAMENTO SANTA MARIA GRAN OPORTUNIDAD, PREVENTA PROYECTO OCEANA","B/.329,640.00",90,2,2,2
699,"Apartments in Santa María | APARTAMENTO SANTA MARIA GRAN OPORTUNIDAD, PREVENTA PROYECTO OCEANA","B/.626,658.00",161,3,2,2
700,Apartments in Punta Pacífica | VENTA APARTAMENTO BAHIA PACIFICA PUNTA PACIFICA,"B/.1,450,000.00",560,4,5,6
701,Apartments in Costa del Este | Ph Elevation Tower - Costa del Este !!,"B/.305,000.00",140,2,2,1
702,Apartments in Avenida Balboa | Se Vende Apartamento en el Yoo & Arts Vista al Mar LT,"B/.467,600.00",155,2,2,2
703,Apartments in San Francisco | Se Vende moderno apartamento amoblado en San Francisco Waterfall LT,"B/.350,000.00",186,3,4,3
704,Apartments in Obarrio | Se Vende Apartamento en Obarrio PH Vista Tower LT,"B/.179,000.00",107,2,2,1
705,Apartments in Costa del Este | Apartamento en venta Costa del Este 136 mts2 VL..,"B/.350,000.00",136,2,2,2
706,Apartments in Costa del Este | Apartamento en venta en Costa del este ph country club,"B/.419,000.00",203,3,4,2
707,Apartments in Rio Abajo | SE VENDE APARTAMENTO A PASOS DE VÍA ESPAÑA *tpg*,"B/.82,000.00",55,3,1,1
708,"Apartments in Santa María | THE RESERVE - 317 MTS - 4 HABITACIONES - $760,000 DL","B/.760,000.00",317,4,4,2
709,Apartments in Bella Vista | ID 16668 ARTS & YOO 2 BEDROOM 48TH FLOOR,"B/.650,000.00",167.47,2,2,2
710,Apartments in Punta Pacífica | Comodo aparatamento en el Ph Courtyard View,NaN,186,3,2,2
711,"Apartments in Marbella | Torres Ebbelle. 167mts remodelado 3r 2.5b $250,000.00neg","B/.250,000.00",167,3,2.5,2
712,"Apartments in El Dorado | Park View. 123mts 3r 3b 2est $169,000.00neg","B/.169,000.00",123,3,3,2
713,"Apartments in Coco del Mar | PH Vision Tower. 280mts remodelado 3r 3.5b $570,000.00","B/.570,000.00",280,3,3.5,2
714,"Apartments in San Francisco | Keops Tower en venta, San Francisco, 200 m2","B/.380,000.00",200,3,3.5,2
715,Apartments in San Francisco | 3REC + CBE / 155mt2 / SAN FRANCISCO / TOTALMENTE REMODELADO #1784 avd,"B/.240,000.00",155,3,2.5,2
